序号,能力域,模镜建议节点名,n8n原名参考,n8n内部标识,n8n节点族,n8n包,n8n包版本,界面标记,许可证边界,模镜当前状态,模镜对应节点,判断说明,纳入建议,元数据来源,来源条目标识
1,触发与事件,本地文件事件,(Local File Trigger),localFileTrigger,触发节点,n8n-nodes-base,2.34.4,未标记隐藏,仅名称/节点类型能力参考；不复制代码、参数 Schema、文案、图标、测试或 UI,未实现,—,当前源码没有该事件源的专用触发与订阅运行分支。,核心能力候选,已读取名称元数据,base:dist/nodes/LocalFileTrigger/LocalFileTrigger.node.js
2,触发与事件,表单提交入口,(n8n Form Trigger),formTrigger,触发节点,n8n-nodes-base,2.34.4,未标记隐藏,仅名称/节点类型能力参考；不复制代码、参数 Schema、文案、图标、测试或 UI,未实现,—,当前源码没有该事件源的专用触发与订阅运行分支。,核心能力候选,已读取名称元数据,base:dist/nodes/Form/FormTrigger.node.js
3,触发与事件,定时启动,(Schedule Trigger),scheduleTrigger,触发节点,n8n-nodes-base,2.34.4,未标记隐藏,仅名称/节点类型能力参考；不复制代码、参数 Schema、文案、图标、测试或 UI,已实现,scheduled_start,自研定时启动支持单次、30 秒以上间隔、五段 Cron、IANA 时区、latest misfire 与 skip overlap；画布以日期、时长单位和常用日历规则配置。,核心能力候选,已读取名称元数据,base:dist/nodes/Schedule/ScheduleTrigger.node.js
4,触发与事件,定时启动（遗留）,(Cron),cron,触发节点,n8n-nodes-base,2.34.4,隐藏,仅名称/节点类型能力参考；不复制代码、参数 Schema、文案、图标、测试或 UI,未实现,—,当前源码没有该事件源的专用触发与订阅运行分支。,合并或排除隐藏/遗留条目,已读取名称元数据,base:dist/nodes/Cron/Cron.node.js
5,触发与事件,对话入口,(Chat Trigger),chatTrigger,触发节点,@n8n/n8n-nodes-langchain,2.34.4,未标记隐藏,仅名称/节点类型能力参考；不复制代码、参数 Schema、文案、图标、测试或 UI,部分实现,input,已有输入节点，但没有独立聊天触发器契约。,核心能力候选,已读取名称元数据,langchain:dist/nodes/trigger/ChatTrigger/ChatTrigger.node.js
6,触发与事件,对话手动启动,(Manual Chat Trigger),manualChatTrigger,触发节点,@n8n/n8n-nodes-langchain,2.34.4,隐藏,仅名称/节点类型能力参考；不复制代码、参数 Schema、文案、图标、测试或 UI,已实现,input,当前源码有流程入口；仅覆盖手动/显式启动语义。,合并或排除隐藏/遗留条目,已读取名称元数据,langchain:dist/nodes/trigger/ManualChatTrigger/ManualChatTrigger.node.js
7,触发与事件,对话消息,(Chat),chat,触发节点,@n8n/n8n-nodes-langchain,2.34.4,未标记隐藏,仅名称/节点类型能力参考；不复制代码、参数 Schema、文案、图标、测试或 UI,未实现,—,当前源码没有该事件源的专用触发与订阅运行分支。,核心能力候选,已读取名称元数据,langchain:dist/nodes/trigger/ChatTrigger/Chat.node.js
8,触发与事件,间隔启动（遗留）,(Interval),interval,触发节点,n8n-nodes-base,2.34.4,隐藏,仅名称/节点类型能力参考；不复制代码、参数 Schema、文案、图标、测试或 UI,未实现,—,当前源码没有该事件源的专用触发与订阅运行分支。,合并或排除隐藏/遗留条目,已读取名称元数据,base:dist/nodes/Interval/Interval.node.js
9,触发与事件,评测样本入口,(Evaluation Trigger),evaluationTrigger,触发节点,n8n-nodes-base,2.34.4,未标记隐藏,企业条目仅保留名称审计；排除实现参考,未实现,—,当前源码没有该事件源的专用触发与订阅运行分支。,隔离审计，不作实现参考,已读取名称元数据,base:dist/nodes/Evaluation/EvaluationTrigger/EvaluationTrigger.node.ee.js
10,触发与事件,实时事件入口,(SSE Trigger),sseTrigger,触发节点,n8n-nodes-base,2.34.4,未标记隐藏,仅名称/节点类型能力参考；不复制代码、参数 Schema、文案、图标、测试或 UI,未实现,—,当前源码没有该事件源的专用触发与订阅运行分支。,核心能力候选,已读取名称元数据,base:dist/nodes/SseTrigger/SseTrigger.node.js
11,触发与事件,手动启动,(Manual Trigger),manualTrigger,触发节点,n8n-nodes-base,2.34.4,未标记隐藏,仅名称/节点类型能力参考；不复制代码、参数 Schema、文案、图标、测试或 UI,已实现,input,当前源码有流程入口；仅覆盖手动/显式启动语义。,核心能力候选,已读取名称元数据,base:dist/nodes/ManualTrigger/ManualTrigger.node.js
12,触发与事件,异常事件入口,(Error Trigger),errorTrigger,触发节点,n8n-nodes-base,2.34.4,未标记隐藏,仅名称/节点类型能力参考；不复制代码、参数 Schema、文案、图标、测试或 UI,已实现,failure_event_entry,自研失败处置入口显式订阅 1–50 个独立工作流项目，只接收激活后的脱敏失败摘要；原子派发、occurrence key 去重并抑制处理器递归触发。,核心能力候选,已读取名称元数据,base:dist/nodes/ErrorTrigger/ErrorTrigger.node.js
13,触发与事件,邮件到达事件,(Email Trigger (IMAP)),emailReadImap,触发节点,n8n-nodes-base,2.34.4,未标记隐藏,仅名称/节点类型能力参考；不复制代码、参数 Schema、文案、图标、测试或 UI,未实现,—,当前源码没有该事件源的专用触发与订阅运行分支。,核心能力候选,已读取名称元数据,base:dist/nodes/EmailReadImap/EmailReadImap.node.js
14,触发与事件,子流程入口,(Execute Workflow Trigger),executeWorkflowTrigger,触发节点,n8n-nodes-base,2.34.4,未标记隐藏,仅名称/节点类型能力参考；不复制代码、参数 Schema、文案、图标、测试或 UI,未实现,—,当前源码没有该事件源的专用触发与订阅运行分支。,核心能力候选,已读取名称元数据,base:dist/nodes/ExecuteWorkflow/ExecuteWorkflowTrigger/ExecuteWorkflowTrigger.node.js
15,触发与事件,子流程入口（遗留）,(Workflow Trigger),workflowTrigger,触发节点,n8n-nodes-base,2.34.4,隐藏,仅名称/节点类型能力参考；不复制代码、参数 Schema、文案、图标、测试或 UI,未实现,—,当前源码没有该事件源的专用触发与订阅运行分支。,合并或排除隐藏/遗留条目,已读取名称元数据,base:dist/nodes/WorkflowTrigger/WorkflowTrigger.node.js
16,触发与事件,ActiveCampaign 事件订阅,(ActiveCampaign Trigger),activeCampaignTrigger,触发节点,n8n-nodes-base,2.34.4,未标记隐藏,仅名称/节点类型能力参考；不复制代码、参数 Schema、文案、图标、测试或 UI,未实现,—,当前源码没有该事件源的专用触发与订阅运行分支。,核心能力候选,已读取名称元数据,base:dist/nodes/ActiveCampaign/ActiveCampaignTrigger.node.js
17,触发与事件,Acuity Scheduling 事件订阅,(Acuity Scheduling Trigger),acuitySchedulingTrigger,触发节点,n8n-nodes-base,2.34.4,未标记隐藏,仅名称/节点类型能力参考；不复制代码、参数 Schema、文案、图标、测试或 UI,未实现,—,当前源码没有该事件源的专用触发与订阅运行分支。,核心能力候选,已读取名称元数据,base:dist/nodes/AcuityScheduling/AcuitySchedulingTrigger.node.js
18,触发与事件,Affinity 事件订阅,(Affinity Trigger),affinityTrigger,触发节点,n8n-nodes-base,2.34.4,未标记隐藏,仅名称/节点类型能力参考；不复制代码、参数 Schema、文案、图标、测试或 UI,未实现,—,当前源码没有该事件源的专用触发与订阅运行分支。,核心能力候选,已读取名称元数据,base:dist/nodes/Affinity/AffinityTrigger.node.js
19,触发与事件,Airtable 事件订阅,(Airtable Trigger),airtableTrigger,触发节点,n8n-nodes-base,2.34.4,未标记隐藏,仅名称/节点类型能力参考；不复制代码、参数 Schema、文案、图标、测试或 UI,未实现,—,当前源码没有该事件源的专用触发与订阅运行分支。,核心能力候选,已读取名称元数据,base:dist/nodes/Airtable/AirtableTrigger.node.js
20,触发与事件,AMQP 事件订阅,(AMQP Trigger),amqpTrigger,触发节点,n8n-nodes-base,2.34.4,未标记隐藏,仅名称/节点类型能力参考；不复制代码、参数 Schema、文案、图标、测试或 UI,未实现,—,当前源码没有该事件源的专用触发与订阅运行分支。,核心能力候选,已读取名称元数据,base:dist/nodes/Amqp/AmqpTrigger.node.js
21,触发与事件,Asana 事件订阅,(Asana Trigger),asanaTrigger,触发节点,n8n-nodes-base,2.34.4,未标记隐藏,仅名称/节点类型能力参考；不复制代码、参数 Schema、文案、图标、测试或 UI,未实现,—,当前源码没有该事件源的专用触发与订阅运行分支。,核心能力候选,已读取名称元数据,base:dist/nodes/Asana/AsanaTrigger.node.js
22,触发与事件,Autopilot 事件订阅,(Autopilot Trigger),autopilotTrigger,触发节点,n8n-nodes-base,2.34.4,未标记隐藏,仅名称/节点类型能力参考；不复制代码、参数 Schema、文案、图标、测试或 UI,未实现,—,当前源码没有该事件源的专用触发与订阅运行分支。,核心能力候选,已读取名称元数据,base:dist/nodes/Autopilot/AutopilotTrigger.node.js
23,触发与事件,AWS SNS 事件订阅,(AWS SNS Trigger),awsSnsTrigger,触发节点,n8n-nodes-base,2.34.4,未标记隐藏,仅名称/节点类型能力参考；不复制代码、参数 Schema、文案、图标、测试或 UI,未实现,—,当前源码没有该事件源的专用触发与订阅运行分支。,核心能力候选,已读取名称元数据,base:dist/nodes/Aws/AwsSnsTrigger.node.js
24,触发与事件,Bitbucket 事件订阅,(Bitbucket Trigger),bitbucketTrigger,触发节点,n8n-nodes-base,2.34.4,未标记隐藏,仅名称/节点类型能力参考；不复制代码、参数 Schema、文案、图标、测试或 UI,未实现,—,当前源码没有该事件源的专用触发与订阅运行分支。,核心能力候选,已读取名称元数据,base:dist/nodes/Bitbucket/BitbucketTrigger.node.js
25,触发与事件,Box 事件订阅,(Box Trigger),boxTrigger,触发节点,n8n-nodes-base,2.34.4,未标记隐藏,仅名称/节点类型能力参考；不复制代码、参数 Schema、文案、图标、测试或 UI,未实现,—,当前源码没有该事件源的专用触发与订阅运行分支。,核心能力候选,已读取名称元数据,base:dist/nodes/Box/BoxTrigger.node.js
26,触发与事件,Brevo 事件订阅,(Brevo Trigger),sendInBlueTrigger,触发节点,n8n-nodes-base,2.34.4,未标记隐藏,仅名称/节点类型能力参考；不复制代码、参数 Schema、文案、图标、测试或 UI,未实现,—,当前源码没有该事件源的专用触发与订阅运行分支。,核心能力候选,已读取名称元数据,base:dist/nodes/Brevo/BrevoTrigger.node.js
27,触发与事件,Cal.com 事件订阅,(Cal.com Trigger),calTrigger,触发节点,n8n-nodes-base,2.34.4,未标记隐藏,仅名称/节点类型能力参考；不复制代码、参数 Schema、文案、图标、测试或 UI,未实现,—,当前源码没有该事件源的专用触发与订阅运行分支。,核心能力候选,已读取名称元数据,base:dist/nodes/Cal/CalTrigger.node.js
28,触发与事件,Calendly 事件订阅,(Calendly Trigger),calendlyTrigger,触发节点,n8n-nodes-base,2.34.4,未标记隐藏,仅名称/节点类型能力参考；不复制代码、参数 Schema、文案、图标、测试或 UI,未实现,—,当前源码没有该事件源的专用触发与订阅运行分支。,核心能力候选,已读取名称元数据,base:dist/nodes/Calendly/CalendlyTrigger.node.js
29,触发与事件,Chargebee 事件订阅,(Chargebee Trigger),chargebeeTrigger,触发节点,n8n-nodes-base,2.34.4,未标记隐藏,仅名称/节点类型能力参考；不复制代码、参数 Schema、文案、图标、测试或 UI,未实现,—,当前源码没有该事件源的专用触发与订阅运行分支。,核心能力候选,已读取名称元数据,base:dist/nodes/Chargebee/ChargebeeTrigger.node.js
30,触发与事件,ClickUp 事件订阅,(ClickUp Trigger),clickUpTrigger,触发节点,n8n-nodes-base,2.34.4,未标记隐藏,仅名称/节点类型能力参考；不复制代码、参数 Schema、文案、图标、测试或 UI,未实现,—,当前源码没有该事件源的专用触发与订阅运行分支。,核心能力候选,已读取名称元数据,base:dist/nodes/ClickUp/ClickUpTrigger.node.js
31,触发与事件,Clockify 事件订阅,(Clockify Trigger),clockifyTrigger,触发节点,n8n-nodes-base,2.34.4,未标记隐藏,仅名称/节点类型能力参考；不复制代码、参数 Schema、文案、图标、测试或 UI,未实现,—,当前源码没有该事件源的专用触发与订阅运行分支。,核心能力候选,已读取名称元数据,base:dist/nodes/Clockify/ClockifyTrigger.node.js
32,触发与事件,ConvertKit 事件订阅,(ConvertKit Trigger),convertKitTrigger,触发节点,n8n-nodes-base,2.34.4,未标记隐藏,仅名称/节点类型能力参考；不复制代码、参数 Schema、文案、图标、测试或 UI,未实现,—,当前源码没有该事件源的专用触发与订阅运行分支。,核心能力候选,已读取名称元数据,base:dist/nodes/ConvertKit/ConvertKitTrigger.node.js
33,触发与事件,Copper 事件订阅,(Copper Trigger),copperTrigger,触发节点,n8n-nodes-base,2.34.4,未标记隐藏,仅名称/节点类型能力参考；不复制代码、参数 Schema、文案、图标、测试或 UI,未实现,—,当前源码没有该事件源的专用触发与订阅运行分支。,核心能力候选,已读取名称元数据,base:dist/nodes/Copper/CopperTrigger.node.js
34,触发与事件,Currents 事件订阅,(Currents Trigger),currentsTrigger,触发节点,n8n-nodes-base,2.34.4,未标记隐藏,仅名称/节点类型能力参考；不复制代码、参数 Schema、文案、图标、测试或 UI,未实现,—,当前源码没有该事件源的专用触发与订阅运行分支。,核心能力候选,已读取名称元数据,base:dist/nodes/Currents/CurrentsTrigger.node.js
35,触发与事件,Customer.io 事件订阅,(Customer.io Trigger),customerIoTrigger,触发节点,n8n-nodes-base,2.34.4,未标记隐藏,仅名称/节点类型能力参考；不复制代码、参数 Schema、文案、图标、测试或 UI,未实现,—,当前源码没有该事件源的专用触发与订阅运行分支。,核心能力候选,已读取名称元数据,base:dist/nodes/CustomerIo/CustomerIoTrigger.node.js
36,触发与事件,E2E Test Polling 事件订阅,(E2E Test Polling Trigger),e2eTestPollingTrigger,触发节点,n8n-nodes-base,2.34.4,未标记隐藏,仅名称/节点类型能力参考；不复制代码、参数 Schema、文案、图标、测试或 UI,未实现,—,当前源码没有该事件源的专用触发与订阅运行分支。,排除测试/内部条目,已读取名称元数据,base:dist/nodes/E2eTest/E2eTestPollingTrigger.node.js
37,触发与事件,Emelia 事件订阅,(Emelia Trigger),emeliaTrigger,触发节点,n8n-nodes-base,2.34.4,未标记隐藏,仅名称/节点类型能力参考；不复制代码、参数 Schema、文案、图标、测试或 UI,未实现,—,当前源码没有该事件源的专用触发与订阅运行分支。,核心能力候选,已读取名称元数据,base:dist/nodes/Emelia/EmeliaTrigger.node.js
38,触发与事件,Eventbrite 事件订阅,(Eventbrite Trigger),eventbriteTrigger,触发节点,n8n-nodes-base,2.34.4,未标记隐藏,仅名称/节点类型能力参考；不复制代码、参数 Schema、文案、图标、测试或 UI,未实现,—,当前源码没有该事件源的专用触发与订阅运行分支。,核心能力候选,已读取名称元数据,base:dist/nodes/Eventbrite/EventbriteTrigger.node.js
39,触发与事件,Facebook 事件订阅,(Facebook Trigger),facebookTrigger,触发节点,n8n-nodes-base,2.34.4,未标记隐藏,仅名称/节点类型能力参考；不复制代码、参数 Schema、文案、图标、测试或 UI,未实现,—,当前源码没有该事件源的专用触发与订阅运行分支。,核心能力候选,已读取名称元数据,base:dist/nodes/Facebook/FacebookTrigger.node.js
40,触发与事件,Facebook Lead Ads 事件订阅,(Facebook Lead Ads Trigger),facebookLeadAdsTrigger,触发节点,n8n-nodes-base,2.34.4,未标记隐藏,仅名称/节点类型能力参考；不复制代码、参数 Schema、文案、图标、测试或 UI,未实现,—,当前源码没有该事件源的专用触发与订阅运行分支。,核心能力候选,已读取名称元数据,base:dist/nodes/FacebookLeadAds/FacebookLeadAdsTrigger.node.js
41,触发与事件,Figma 事件订阅,(Figma Trigger (Beta)),figmaTrigger,触发节点,n8n-nodes-base,2.34.4,未标记隐藏,仅名称/节点类型能力参考；不复制代码、参数 Schema、文案、图标、测试或 UI,未实现,—,当前源码没有该事件源的专用触发与订阅运行分支。,核心能力候选,已读取名称元数据,base:dist/nodes/Figma/FigmaTrigger.node.js
42,触发与事件,Flow 事件订阅,(Flow Trigger),flowTrigger,触发节点,n8n-nodes-base,2.34.4,未标记隐藏,仅名称/节点类型能力参考；不复制代码、参数 Schema、文案、图标、测试或 UI,未实现,—,当前源码没有该事件源的专用触发与订阅运行分支。,核心能力候选,已读取名称元数据,base:dist/nodes/Flow/FlowTrigger.node.js
43,触发与事件,Form.io 事件订阅,(Form.io Trigger),formIoTrigger,触发节点,n8n-nodes-base,2.34.4,未标记隐藏,仅名称/节点类型能力参考；不复制代码、参数 Schema、文案、图标、测试或 UI,未实现,—,当前源码没有该事件源的专用触发与订阅运行分支。,核心能力候选,已读取名称元数据,base:dist/nodes/FormIo/FormIoTrigger.node.js
44,触发与事件,Formstack 事件订阅,(Formstack Trigger),formstackTrigger,触发节点,n8n-nodes-base,2.34.4,未标记隐藏,仅名称/节点类型能力参考；不复制代码、参数 Schema、文案、图标、测试或 UI,未实现,—,当前源码没有该事件源的专用触发与订阅运行分支。,核心能力候选,已读取名称元数据,base:dist/nodes/Formstack/FormstackTrigger.node.js
45,触发与事件,GetResponse 事件订阅,(GetResponse Trigger),getResponseTrigger,触发节点,n8n-nodes-base,2.34.4,未标记隐藏,仅名称/节点类型能力参考；不复制代码、参数 Schema、文案、图标、测试或 UI,未实现,—,当前源码没有该事件源的专用触发与订阅运行分支。,核心能力候选,已读取名称元数据,base:dist/nodes/GetResponse/GetResponseTrigger.node.js
46,触发与事件,Github 事件订阅,(Github Trigger),githubTrigger,触发节点,n8n-nodes-base,2.34.4,未标记隐藏,仅名称/节点类型能力参考；不复制代码、参数 Schema、文案、图标、测试或 UI,未实现,—,当前源码没有该事件源的专用触发与订阅运行分支。,核心能力候选,已读取名称元数据,base:dist/nodes/Github/GithubTrigger.node.js
47,触发与事件,GitLab 事件订阅,(GitLab Trigger),gitlabTrigger,触发节点,n8n-nodes-base,2.34.4,未标记隐藏,仅名称/节点类型能力参考；不复制代码、参数 Schema、文案、图标、测试或 UI,未实现,—,当前源码没有该事件源的专用触发与订阅运行分支。,核心能力候选,已读取名称元数据,base:dist/nodes/Gitlab/GitlabTrigger.node.js
48,触发与事件,Gmail 事件订阅,(Gmail Trigger),gmailTrigger,触发节点,n8n-nodes-base,2.34.4,未标记隐藏,仅名称/节点类型能力参考；不复制代码、参数 Schema、文案、图标、测试或 UI,未实现,—,当前源码没有该事件源的专用触发与订阅运行分支。,核心能力候选,已读取名称元数据,base:dist/nodes/Google/Gmail/GmailTrigger.node.js
49,触发与事件,Google Business Profile 事件订阅,(Google Business Profile Trigger),googleBusinessProfileTrigger,触发节点,n8n-nodes-base,2.34.4,未标记隐藏,仅名称/节点类型能力参考；不复制代码、参数 Schema、文案、图标、测试或 UI,未实现,—,当前源码没有该事件源的专用触发与订阅运行分支。,核心能力候选,已读取名称元数据,base:dist/nodes/Google/BusinessProfile/GoogleBusinessProfileTrigger.node.js
50,触发与事件,Google Calendar 事件订阅,(Google Calendar Trigger),googleCalendarTrigger,触发节点,n8n-nodes-base,2.34.4,未标记隐藏,仅名称/节点类型能力参考；不复制代码、参数 Schema、文案、图标、测试或 UI,未实现,—,当前源码没有该事件源的专用触发与订阅运行分支。,核心能力候选,已读取名称元数据,base:dist/nodes/Google/Calendar/GoogleCalendarTrigger.node.js
51,触发与事件,Google Drive 事件订阅,(Google Drive Trigger),googleDriveTrigger,触发节点,n8n-nodes-base,2.34.4,未标记隐藏,仅名称/节点类型能力参考；不复制代码、参数 Schema、文案、图标、测试或 UI,未实现,—,当前源码没有该事件源的专用触发与订阅运行分支。,核心能力候选,已读取名称元数据,base:dist/nodes/Google/Drive/GoogleDriveTrigger.node.js
52,触发与事件,Google Sheets 事件订阅,(Google Sheets Trigger),googleSheetsTrigger,触发节点,n8n-nodes-base,2.34.4,未标记隐藏,仅名称/节点类型能力参考；不复制代码、参数 Schema、文案、图标、测试或 UI,未实现,—,当前源码没有该事件源的专用触发与订阅运行分支。,核心能力候选,已读取名称元数据,base:dist/nodes/Google/Sheet/GoogleSheetsTrigger.node.js
53,触发与事件,Gumroad 事件订阅,(Gumroad Trigger),gumroadTrigger,触发节点,n8n-nodes-base,2.34.4,未标记隐藏,仅名称/节点类型能力参考；不复制代码、参数 Schema、文案、图标、测试或 UI,未实现,—,当前源码没有该事件源的专用触发与订阅运行分支。,核心能力候选,已读取名称元数据,base:dist/nodes/Gumroad/GumroadTrigger.node.js
54,触发与事件,Help Scout 事件订阅,(Help Scout Trigger),helpScoutTrigger,触发节点,n8n-nodes-base,2.34.4,未标记隐藏,仅名称/节点类型能力参考；不复制代码、参数 Schema、文案、图标、测试或 UI,未实现,—,当前源码没有该事件源的专用触发与订阅运行分支。,核心能力候选,已读取名称元数据,base:dist/nodes/HelpScout/HelpScoutTrigger.node.js
55,触发与事件,HTTP 事件入口,(Webhook),webhook,触发节点,n8n-nodes-base,2.34.4,未标记隐藏,仅名称/节点类型能力参考；不复制代码、参数 Schema、文案、图标、测试或 UI,已实现,http_event_entry,自研私有 HTTP 事件入口仅支持 POST、JSON/纯文本、哈希密钥、幂等键与限流；可收紧正文格式和大小，并将完整事件与正文登记为全局变量。,核心能力候选,已读取名称元数据,base:dist/nodes/Webhook/Webhook.node.js
56,触发与事件,HubSpot 事件订阅,(HubSpot Trigger),hubspotTrigger,触发节点,n8n-nodes-base,2.34.4,未标记隐藏,仅名称/节点类型能力参考；不复制代码、参数 Schema、文案、图标、测试或 UI,未实现,—,当前源码没有该事件源的专用触发与订阅运行分支。,核心能力候选,已读取名称元数据,base:dist/nodes/Hubspot/HubspotTrigger.node.js
57,触发与事件,Invoice Ninja 事件订阅,(Invoice Ninja Trigger),invoiceNinjaTrigger,触发节点,n8n-nodes-base,2.34.4,未标记隐藏,仅名称/节点类型能力参考；不复制代码、参数 Schema、文案、图标、测试或 UI,未实现,—,当前源码没有该事件源的专用触发与订阅运行分支。,核心能力候选,已读取名称元数据,base:dist/nodes/InvoiceNinja/InvoiceNinjaTrigger.node.js
58,触发与事件,Jira 事件订阅,(Jira Trigger),jiraTrigger,触发节点,n8n-nodes-base,2.34.4,未标记隐藏,仅名称/节点类型能力参考；不复制代码、参数 Schema、文案、图标、测试或 UI,未实现,—,当前源码没有该事件源的专用触发与订阅运行分支。,核心能力候选,已读取名称元数据,base:dist/nodes/Jira/JiraTrigger.node.js
59,触发与事件,Jotform 事件订阅,(Jotform Trigger),jotFormTrigger,触发节点,n8n-nodes-base,2.34.4,未标记隐藏,仅名称/节点类型能力参考；不复制代码、参数 Schema、文案、图标、测试或 UI,未实现,—,当前源码没有该事件源的专用触发与订阅运行分支。,核心能力候选,已读取名称元数据,base:dist/nodes/JotForm/JotFormTrigger.node.js
60,触发与事件,Kafka 事件订阅,(Kafka Trigger),kafkaTrigger,触发节点,n8n-nodes-base,2.34.4,未标记隐藏,仅名称/节点类型能力参考；不复制代码、参数 Schema、文案、图标、测试或 UI,未实现,—,当前源码没有该事件源的专用触发与订阅运行分支。,核心能力候选,已读取名称元数据,base:dist/nodes/Kafka/KafkaTrigger.node.js
61,触发与事件,Keap 事件订阅,(Keap Trigger),keapTrigger,触发节点,n8n-nodes-base,2.34.4,未标记隐藏,仅名称/节点类型能力参考；不复制代码、参数 Schema、文案、图标、测试或 UI,未实现,—,当前源码没有该事件源的专用触发与订阅运行分支。,核心能力候选,已读取名称元数据,base:dist/nodes/Keap/KeapTrigger.node.js
62,触发与事件,KoBoToolbox 事件订阅,(KoBoToolbox Trigger),koBoToolboxTrigger,触发节点,n8n-nodes-base,2.34.4,未标记隐藏,仅名称/节点类型能力参考；不复制代码、参数 Schema、文案、图标、测试或 UI,未实现,—,当前源码没有该事件源的专用触发与订阅运行分支。,核心能力候选,已读取名称元数据,base:dist/nodes/KoBoToolbox/KoBoToolboxTrigger.node.js
63,触发与事件,Lemlist 事件订阅,(Lemlist Trigger),lemlistTrigger,触发节点,n8n-nodes-base,2.34.4,未标记隐藏,仅名称/节点类型能力参考；不复制代码、参数 Schema、文案、图标、测试或 UI,未实现,—,当前源码没有该事件源的专用触发与订阅运行分支。,核心能力候选,已读取名称元数据,base:dist/nodes/Lemlist/LemlistTrigger.node.js
64,触发与事件,Linear 事件订阅,(Linear Trigger),linearTrigger,触发节点,n8n-nodes-base,2.34.4,未标记隐藏,仅名称/节点类型能力参考；不复制代码、参数 Schema、文案、图标、测试或 UI,未实现,—,当前源码没有该事件源的专用触发与订阅运行分支。,核心能力候选,已读取名称元数据,base:dist/nodes/Linear/LinearTrigger.node.js
65,触发与事件,LoneScale 事件订阅,(LoneScale Trigger),loneScaleTrigger,触发节点,n8n-nodes-base,2.34.4,未标记隐藏,仅名称/节点类型能力参考；不复制代码、参数 Schema、文案、图标、测试或 UI,未实现,—,当前源码没有该事件源的专用触发与订阅运行分支。,核心能力候选,已读取名称元数据,base:dist/nodes/LoneScale/LoneScaleTrigger.node.js
66,触发与事件,Mailchimp 事件订阅,(Mailchimp Trigger),mailchimpTrigger,触发节点,n8n-nodes-base,2.34.4,未标记隐藏,仅名称/节点类型能力参考；不复制代码、参数 Schema、文案、图标、测试或 UI,未实现,—,当前源码没有该事件源的专用触发与订阅运行分支。,核心能力候选,已读取名称元数据,base:dist/nodes/Mailchimp/MailchimpTrigger.node.js
67,触发与事件,MailerLite 事件订阅,(MailerLite Trigger),mailerLiteTrigger,触发节点,n8n-nodes-base,2.34.4,未标记隐藏,仅名称/节点类型能力参考；不复制代码、参数 Schema、文案、图标、测试或 UI,未实现,—,当前源码没有该事件源的专用触发与订阅运行分支。,核心能力候选,已读取名称元数据,base:dist/nodes/MailerLite/MailerLiteTrigger.node.js
68,触发与事件,Mailjet 事件订阅,(Mailjet Trigger),mailjetTrigger,触发节点,n8n-nodes-base,2.34.4,未标记隐藏,仅名称/节点类型能力参考；不复制代码、参数 Schema、文案、图标、测试或 UI,未实现,—,当前源码没有该事件源的专用触发与订阅运行分支。,核心能力候选,已读取名称元数据,base:dist/nodes/Mailjet/MailjetTrigger.node.js
69,触发与事件,Mautic 事件订阅,(Mautic Trigger),mauticTrigger,触发节点,n8n-nodes-base,2.34.4,未标记隐藏,仅名称/节点类型能力参考；不复制代码、参数 Schema、文案、图标、测试或 UI,未实现,—,当前源码没有该事件源的专用触发与订阅运行分支。,核心能力候选,已读取名称元数据,base:dist/nodes/Mautic/MauticTrigger.node.js
70,触发与事件,MCP 工具服务入口,(MCP Server Trigger),mcpTrigger,触发节点,@n8n/n8n-nodes-langchain,2.34.4,未标记隐藏,仅名称/节点类型能力参考；不复制代码、参数 Schema、文案、图标、测试或 UI,未实现,—,当前源码没有该事件源的专用触发与订阅运行分支。,核心能力候选,已读取名称元数据,langchain:dist/nodes/mcp/McpTrigger/McpTrigger.node.js
71,触发与事件,Microsoft Agent 365 Trigger 模型服务,(Microsoft Agent 365 Trigger),microsoftAgent365Trigger,触发节点,@n8n/n8n-nodes-langchain,2.34.4,未标记隐藏,仅名称/节点类型能力参考；不复制代码、参数 Schema、文案、图标、测试或 UI,未实现,—,当前源码没有该事件源的专用触发与订阅运行分支。,核心能力候选,已读取名称元数据,langchain:dist/nodes/vendors/Microsoft/MicrosoftAgent365Trigger.node.js
72,触发与事件,Microsoft OneDrive 事件订阅,(Microsoft OneDrive Trigger),microsoftOneDriveTrigger,触发节点,n8n-nodes-base,2.34.4,未标记隐藏,仅名称/节点类型能力参考；不复制代码、参数 Schema、文案、图标、测试或 UI,未实现,—,当前源码没有该事件源的专用触发与订阅运行分支。,核心能力候选,已读取名称元数据,base:dist/nodes/Microsoft/OneDrive/MicrosoftOneDriveTrigger.node.js
73,触发与事件,Microsoft Outlook 事件订阅,(Microsoft Outlook Trigger),microsoftOutlookTrigger,触发节点,n8n-nodes-base,2.34.4,未标记隐藏,仅名称/节点类型能力参考；不复制代码、参数 Schema、文案、图标、测试或 UI,未实现,—,当前源码没有该事件源的专用触发与订阅运行分支。,核心能力候选,已读取名称元数据,base:dist/nodes/Microsoft/Outlook/MicrosoftOutlookTrigger.node.js
74,触发与事件,Microsoft Teams 事件订阅,(Microsoft Teams Trigger),microsoftTeamsTrigger,触发节点,n8n-nodes-base,2.34.4,未标记隐藏,仅名称/节点类型能力参考；不复制代码、参数 Schema、文案、图标、测试或 UI,未实现,—,当前源码没有该事件源的专用触发与订阅运行分支。,核心能力候选,已读取名称元数据,base:dist/nodes/Microsoft/Teams/MicrosoftTeamsTrigger.node.js
75,触发与事件,MQTT 事件订阅,(MQTT Trigger),mqttTrigger,触发节点,n8n-nodes-base,2.34.4,未标记隐藏,仅名称/节点类型能力参考；不复制代码、参数 Schema、文案、图标、测试或 UI,未实现,—,当前源码没有该事件源的专用触发与订阅运行分支。,核心能力候选,已读取名称元数据,base:dist/nodes/MQTT/MqttTrigger.node.js
76,触发与事件,工作流平台事件订阅,(n8n Trigger),n8nTrigger,触发节点,n8n-nodes-base,2.34.4,未标记隐藏,仅名称/节点类型能力参考；不复制代码、参数 Schema、文案、图标、测试或 UI,未实现,—,当前源码没有该事件源的专用触发与订阅运行分支。,核心能力候选,已读取名称元数据,base:dist/nodes/N8nTrigger/N8nTrigger.node.js
77,触发与事件,Netlify 事件订阅,(Netlify Trigger),netlifyTrigger,触发节点,n8n-nodes-base,2.34.4,未标记隐藏,仅名称/节点类型能力参考；不复制代码、参数 Schema、文案、图标、测试或 UI,未实现,—,当前源码没有该事件源的专用触发与订阅运行分支。,核心能力候选,已读取名称元数据,base:dist/nodes/Netlify/NetlifyTrigger.node.js
78,触发与事件,Notion 事件订阅,(Notion Trigger),notionTrigger,触发节点,n8n-nodes-base,2.34.4,未标记隐藏,仅名称/节点类型能力参考；不复制代码、参数 Schema、文案、图标、测试或 UI,未实现,—,当前源码没有该事件源的专用触发与订阅运行分支。,核心能力候选,已读取名称元数据,base:dist/nodes/Notion/NotionTrigger.node.js
79,触发与事件,Onfleet 事件订阅,(Onfleet Trigger),onfleetTrigger,触发节点,n8n-nodes-base,2.34.4,未标记隐藏,仅名称/节点类型能力参考；不复制代码、参数 Schema、文案、图标、测试或 UI,未实现,—,当前源码没有该事件源的专用触发与订阅运行分支。,核心能力候选,已读取名称元数据,base:dist/nodes/Onfleet/OnfleetTrigger.node.js
80,触发与事件,PayPal 事件订阅,(PayPal Trigger),payPalTrigger,触发节点,n8n-nodes-base,2.34.4,未标记隐藏,仅名称/节点类型能力参考；不复制代码、参数 Schema、文案、图标、测试或 UI,未实现,—,当前源码没有该事件源的专用触发与订阅运行分支。,核心能力候选,已读取名称元数据,base:dist/nodes/PayPal/PayPalTrigger.node.js
81,触发与事件,Pipedrive 事件订阅,(Pipedrive Trigger),pipedriveTrigger,触发节点,n8n-nodes-base,2.34.4,未标记隐藏,仅名称/节点类型能力参考；不复制代码、参数 Schema、文案、图标、测试或 UI,未实现,—,当前源码没有该事件源的专用触发与订阅运行分支。,核心能力候选,已读取名称元数据,base:dist/nodes/Pipedrive/PipedriveTrigger.node.js
82,触发与事件,Postgres 事件订阅,(Postgres Trigger),postgresTrigger,触发节点,n8n-nodes-base,2.34.4,未标记隐藏,仅名称/节点类型能力参考；不复制代码、参数 Schema、文案、图标、测试或 UI,未实现,—,当前源码没有该事件源的专用触发与订阅运行分支。,核心能力候选,已读取名称元数据,base:dist/nodes/Postgres/PostgresTrigger.node.js
83,触发与事件,Postmark 事件订阅,(Postmark Trigger),postmarkTrigger,触发节点,n8n-nodes-base,2.34.4,未标记隐藏,仅名称/节点类型能力参考；不复制代码、参数 Schema、文案、图标、测试或 UI,未实现,—,当前源码没有该事件源的专用触发与订阅运行分支。,核心能力候选,已读取名称元数据,base:dist/nodes/Postmark/PostmarkTrigger.node.js
84,触发与事件,Pushcut 事件订阅,(Pushcut Trigger),pushcutTrigger,触发节点,n8n-nodes-base,2.34.4,未标记隐藏,仅名称/节点类型能力参考；不复制代码、参数 Schema、文案、图标、测试或 UI,未实现,—,当前源码没有该事件源的专用触发与订阅运行分支。,核心能力候选,已读取名称元数据,base:dist/nodes/Pushcut/PushcutTrigger.node.js
85,触发与事件,RabbitMQ 事件订阅,(RabbitMQ Trigger),rabbitmqTrigger,触发节点,n8n-nodes-base,2.34.4,未标记隐藏,仅名称/节点类型能力参考；不复制代码、参数 Schema、文案、图标、测试或 UI,未实现,—,当前源码没有该事件源的专用触发与订阅运行分支。,核心能力候选,已读取名称元数据,base:dist/nodes/RabbitMQ/RabbitMQTrigger.node.js
86,触发与事件,Redis 事件订阅,(Redis Trigger),redisTrigger,触发节点,n8n-nodes-base,2.34.4,未标记隐藏,仅名称/节点类型能力参考；不复制代码、参数 Schema、文案、图标、测试或 UI,未实现,—,当前源码没有该事件源的专用触发与订阅运行分支。,核心能力候选,已读取名称元数据,base:dist/nodes/Redis/RedisTrigger.node.js
87,触发与事件,RSS Feed 事件订阅,(RSS Feed Trigger),rssFeedReadTrigger,触发节点,n8n-nodes-base,2.34.4,未标记隐藏,仅名称/节点类型能力参考；不复制代码、参数 Schema、文案、图标、测试或 UI,未实现,—,当前源码没有该事件源的专用触发与订阅运行分支。,核心能力候选,已读取名称元数据,base:dist/nodes/RssFeedRead/RssFeedReadTrigger.node.js
88,触发与事件,Salesforce 事件订阅,(Salesforce Trigger),salesforceTrigger,触发节点,n8n-nodes-base,2.34.4,未标记隐藏,仅名称/节点类型能力参考；不复制代码、参数 Schema、文案、图标、测试或 UI,未实现,—,当前源码没有该事件源的专用触发与订阅运行分支。,核心能力候选,已读取名称元数据,base:dist/nodes/Salesforce/SalesforceTrigger.node.js
89,触发与事件,SeaTable 事件订阅,(SeaTable Trigger),seaTableTrigger,触发节点,n8n-nodes-base,2.34.4,未标记隐藏,仅名称/节点类型能力参考；不复制代码、参数 Schema、文案、图标、测试或 UI,未实现,—,当前源码没有该事件源的专用触发与订阅运行分支。,核心能力候选,已读取名称元数据,base:dist/nodes/SeaTable/SeaTableTrigger.node.js
90,触发与事件,Shopify 事件订阅,(Shopify Trigger),shopifyTrigger,触发节点,n8n-nodes-base,2.34.4,未标记隐藏,仅名称/节点类型能力参考；不复制代码、参数 Schema、文案、图标、测试或 UI,未实现,—,当前源码没有该事件源的专用触发与订阅运行分支。,核心能力候选,已读取名称元数据,base:dist/nodes/Shopify/ShopifyTrigger.node.js
91,触发与事件,Simulate 事件订阅,(Simulate Trigger),simulateTrigger,触发节点,n8n-nodes-base,2.34.4,隐藏,仅名称/节点类型能力参考；不复制代码、参数 Schema、文案、图标、测试或 UI,未实现,—,当前源码没有该事件源的专用触发与订阅运行分支。,合并或排除隐藏/遗留条目,已读取名称元数据,base:dist/nodes/Simulate/SimulateTrigger.node.js
92,触发与事件,Slack 事件订阅,(Slack Trigger),slackTrigger,触发节点,n8n-nodes-base,2.34.4,未标记隐藏,仅名称/节点类型能力参考；不复制代码、参数 Schema、文案、图标、测试或 UI,未实现,—,当前源码没有该事件源的专用触发与订阅运行分支。,核心能力候选,已读取名称元数据,base:dist/nodes/Slack/SlackTrigger.node.js
93,触发与事件,Strava 事件订阅,(Strava Trigger),stravaTrigger,触发节点,n8n-nodes-base,2.34.4,未标记隐藏,仅名称/节点类型能力参考；不复制代码、参数 Schema、文案、图标、测试或 UI,未实现,—,当前源码没有该事件源的专用触发与订阅运行分支。,核心能力候选,已读取名称元数据,base:dist/nodes/Strava/StravaTrigger.node.js
94,触发与事件,Stripe 事件订阅,(Stripe Trigger),stripeTrigger,触发节点,n8n-nodes-base,2.34.4,未标记隐藏,仅名称/节点类型能力参考；不复制代码、参数 Schema、文案、图标、测试或 UI,未实现,—,当前源码没有该事件源的专用触发与订阅运行分支。,核心能力候选,已读取名称元数据,base:dist/nodes/Stripe/StripeTrigger.node.js
95,触发与事件,SurveyMonkey 事件订阅,(SurveyMonkey Trigger),surveyMonkeyTrigger,触发节点,n8n-nodes-base,2.34.4,未标记隐藏,仅名称/节点类型能力参考；不复制代码、参数 Schema、文案、图标、测试或 UI,未实现,—,当前源码没有该事件源的专用触发与订阅运行分支。,核心能力候选,已读取名称元数据,base:dist/nodes/SurveyMonkey/SurveyMonkeyTrigger.node.js
96,触发与事件,Taiga 事件订阅,(Taiga Trigger),taigaTrigger,触发节点,n8n-nodes-base,2.34.4,未标记隐藏,仅名称/节点类型能力参考；不复制代码、参数 Schema、文案、图标、测试或 UI,未实现,—,当前源码没有该事件源的专用触发与订阅运行分支。,核心能力候选,已读取名称元数据,base:dist/nodes/Taiga/TaigaTrigger.node.js
97,触发与事件,Telegram 事件订阅,(Telegram Trigger),telegramTrigger,触发节点,n8n-nodes-base,2.34.4,未标记隐藏,仅名称/节点类型能力参考；不复制代码、参数 Schema、文案、图标、测试或 UI,未实现,—,当前源码没有该事件源的专用触发与订阅运行分支。,核心能力候选,已读取名称元数据,base:dist/nodes/Telegram/TelegramTrigger.node.js
98,触发与事件,TheHive 5 事件订阅,(TheHive 5 Trigger),theHiveProjectTrigger,触发节点,n8n-nodes-base,2.34.4,未标记隐藏,仅名称/节点类型能力参考；不复制代码、参数 Schema、文案、图标、测试或 UI,未实现,—,当前源码没有该事件源的专用触发与订阅运行分支。,核心能力候选,已读取名称元数据,base:dist/nodes/TheHiveProject/TheHiveProjectTrigger.node.js
99,触发与事件,TheHive 事件订阅,(TheHive Trigger),theHiveTrigger,触发节点,n8n-nodes-base,2.34.4,未标记隐藏,仅名称/节点类型能力参考；不复制代码、参数 Schema、文案、图标、测试或 UI,未实现,—,当前源码没有该事件源的专用触发与订阅运行分支。,核心能力候选,已读取名称元数据,base:dist/nodes/TheHive/TheHiveTrigger.node.js
100,触发与事件,Toggl 事件订阅,(Toggl Trigger),togglTrigger,触发节点,n8n-nodes-base,2.34.4,未标记隐藏,仅名称/节点类型能力参考；不复制代码、参数 Schema、文案、图标、测试或 UI,未实现,—,当前源码没有该事件源的专用触发与订阅运行分支。,核心能力候选,已读取名称元数据,base:dist/nodes/Toggl/TogglTrigger.node.js
101,触发与事件,Trello 事件订阅,(Trello Trigger),trelloTrigger,触发节点,n8n-nodes-base,2.34.4,未标记隐藏,仅名称/节点类型能力参考；不复制代码、参数 Schema、文案、图标、测试或 UI,未实现,—,当前源码没有该事件源的专用触发与订阅运行分支。,核心能力候选,已读取名称元数据,base:dist/nodes/Trello/TrelloTrigger.node.js
102,触发与事件,Twilio 事件订阅,(Twilio Trigger),twilioTrigger,触发节点,n8n-nodes-base,2.34.4,未标记隐藏,仅名称/节点类型能力参考；不复制代码、参数 Schema、文案、图标、测试或 UI,未实现,—,当前源码没有该事件源的专用触发与订阅运行分支。,核心能力候选,已读取名称元数据,base:dist/nodes/Twilio/TwilioTrigger.node.js
103,触发与事件,Typeform 事件订阅,(Typeform Trigger),typeformTrigger,触发节点,n8n-nodes-base,2.34.4,未标记隐藏,仅名称/节点类型能力参考；不复制代码、参数 Schema、文案、图标、测试或 UI,未实现,—,当前源码没有该事件源的专用触发与订阅运行分支。,核心能力候选,已读取名称元数据,base:dist/nodes/Typeform/TypeformTrigger.node.js
104,触发与事件,Venafi TLS Protect Cloud 事件订阅,(Venafi TLS Protect Cloud Trigger),venafiTlsProtectCloudTrigger,触发节点,n8n-nodes-base,2.34.4,未标记隐藏,仅名称/节点类型能力参考；不复制代码、参数 Schema、文案、图标、测试或 UI,未实现,—,当前源码没有该事件源的专用触发与订阅运行分支。,核心能力候选,已读取名称元数据,base:dist/nodes/Venafi/ProtectCloud/VenafiTlsProtectCloudTrigger.node.js
105,触发与事件,Webex by Cisco 事件订阅,(Webex by Cisco Trigger),ciscoWebexTrigger,触发节点,n8n-nodes-base,2.34.4,未标记隐藏,仅名称/节点类型能力参考；不复制代码、参数 Schema、文案、图标、测试或 UI,未实现,—,当前源码没有该事件源的专用触发与订阅运行分支。,核心能力候选,已读取名称元数据,base:dist/nodes/Cisco/Webex/CiscoWebexTrigger.node.js
106,触发与事件,Webflow 事件订阅,(Webflow Trigger),webflowTrigger,触发节点,n8n-nodes-base,2.34.4,未标记隐藏,仅名称/节点类型能力参考；不复制代码、参数 Schema、文案、图标、测试或 UI,未实现,—,当前源码没有该事件源的专用触发与订阅运行分支。,核心能力候选,已读取名称元数据,base:dist/nodes/Webflow/WebflowTrigger.node.js
107,触发与事件,WhatsApp 事件订阅,(WhatsApp Trigger),whatsAppTrigger,触发节点,n8n-nodes-base,2.34.4,未标记隐藏,仅名称/节点类型能力参考；不复制代码、参数 Schema、文案、图标、测试或 UI,未实现,—,当前源码没有该事件源的专用触发与订阅运行分支。,核心能力候选,已读取名称元数据,base:dist/nodes/WhatsApp/WhatsAppTrigger.node.js
108,触发与事件,Wise 事件订阅,(Wise Trigger),wiseTrigger,触发节点,n8n-nodes-base,2.34.4,未标记隐藏,仅名称/节点类型能力参考；不复制代码、参数 Schema、文案、图标、测试或 UI,未实现,—,当前源码没有该事件源的专用触发与订阅运行分支。,核心能力候选,已读取名称元数据,base:dist/nodes/Wise/WiseTrigger.node.js
109,触发与事件,WooCommerce 事件订阅,(WooCommerce Trigger),wooCommerceTrigger,触发节点,n8n-nodes-base,2.34.4,未标记隐藏,仅名称/节点类型能力参考；不复制代码、参数 Schema、文案、图标、测试或 UI,未实现,—,当前源码没有该事件源的专用触发与订阅运行分支。,核心能力候选,已读取名称元数据,base:dist/nodes/WooCommerce/WooCommerceTrigger.node.js
110,触发与事件,Workable 事件订阅,(Workable Trigger),workableTrigger,触发节点,n8n-nodes-base,2.34.4,未标记隐藏,仅名称/节点类型能力参考；不复制代码、参数 Schema、文案、图标、测试或 UI,未实现,—,当前源码没有该事件源的专用触发与订阅运行分支。,核心能力候选,已读取名称元数据,base:dist/nodes/Workable/WorkableTrigger.node.js
111,触发与事件,Wufoo 事件订阅,(Wufoo Trigger),wufooTrigger,触发节点,n8n-nodes-base,2.34.4,未标记隐藏,仅名称/节点类型能力参考；不复制代码、参数 Schema、文案、图标、测试或 UI,未实现,—,当前源码没有该事件源的专用触发与订阅运行分支。,核心能力候选,已读取名称元数据,base:dist/nodes/Wufoo/WufooTrigger.node.js
112,触发与事件,Zendesk 事件订阅,(Zendesk Trigger),zendeskTrigger,触发节点,n8n-nodes-base,2.34.4,未标记隐藏,仅名称/节点类型能力参考；不复制代码、参数 Schema、文案、图标、测试或 UI,未实现,—,当前源码没有该事件源的专用触发与订阅运行分支。,核心能力候选,已读取名称元数据,base:dist/nodes/Zendesk/ZendeskTrigger.node.js
113,流程控制与编排,多路分派,(Switch),switch,核心节点,n8n-nodes-base,2.34.4,未标记隐藏,仅名称/节点类型能力参考；不复制代码、参数 Schema、文案、图标、测试或 UI,部分实现,condition,可做基础路由，尚非多规则多出口分派。,核心能力候选,已读取名称元数据,base:dist/nodes/Switch/Switch.node.js
114,流程控制与编排,二路条件,(If),if,核心节点,n8n-nodes-base,2.34.4,未标记隐藏,仅名称/节点类型能力参考；不复制代码、参数 Schema、文案、图标、测试或 UI,部分实现,condition,已有二路条件，仅 equals/contains。,核心能力候选,已读取名称元数据,base:dist/nodes/If/If.node.js
115,流程控制与编排,挂起等待,(Wait),wait,核心节点,n8n-nodes-base,2.34.4,未标记隐藏,仅名称/节点类型能力参考；不复制代码、参数 Schema、文案、图标、测试或 UI,已实现,suspend_wait,自研挂起等待使用 durable continuation，支持时长单位或带 IANA 时区的日期时间，最长 30 天；HTTP 无回执链路可返回 202 后持久挂起，恢复后原始请求正文不可用。,核心能力候选,已读取名称元数据,base:dist/nodes/Wait/Wait.node.js
116,流程控制与编排,空操作,"(No Operation, do nothing)",noOp,核心节点,n8n-nodes-base,2.34.4,未标记隐藏,仅名称/节点类型能力参考；不复制代码、参数 Schema、文案、图标、测试或 UI,未实现,—,没有可运行空操作节点；注释仅为占位。,核心能力候选,已读取名称元数据,base:dist/nodes/NoOp/NoOp.node.js
117,流程控制与编排,批次循环,(Split In Batches),splitInBatches,核心节点,n8n-nodes-base,2.34.4,未标记隐藏,仅名称/节点类型能力参考；不复制代码、参数 Schema、文案、图标、测试或 UI,部分实现,iteration,已有逐项迭代，缺少批次状态与恢复语义。,核心能力候选,已读取名称元数据,base:dist/nodes/SplitInBatches/SplitInBatches.node.js
118,流程控制与编排,数据合流,(Merge),merge,核心节点,n8n-nodes-base,2.34.4,未标记隐藏,仅名称/节点类型能力参考；不复制代码、参数 Schema、文案、图标、测试或 UI,部分实现,variable_aggregator,可聚合变量，未实现多输入配对/合并模式。,核心能力候选,已读取名称元数据,base:dist/nodes/Merge/Merge.node.js
119,流程控制与编排,主动终止,(Stop and Error),stopAndError,核心节点,n8n-nodes-base,2.34.4,未标记隐藏,仅名称/节点类型能力参考；不复制代码、参数 Schema、文案、图标、测试或 UI,未实现,—,没有可配置的主动错误终止节点。,核心能力候选,已读取名称元数据,base:dist/nodes/StopAndError/StopAndError.node.js
120,流程控制与编排,子流程调用,(Execute Sub-workflow),executeWorkflow,核心节点,n8n-nodes-base,2.34.4,未标记隐藏,仅名称/节点类型能力参考；不复制代码、参数 Schema、文案、图标、测试或 UI,未实现,—,没有子工作流调用/入口契约。,核心能力候选,已读取名称元数据,base:dist/nodes/ExecuteWorkflow/ExecuteWorkflow/ExecuteWorkflow.node.js
121,数据变换与计算,代码函数（遗留）,(Function),function,核心节点,n8n-nodes-base,2.34.4,隐藏,仅名称/节点类型能力参考；不复制代码、参数 Schema、文案、图标、测试或 UI,部分实现,code,由受控代码节点覆盖，不保留遗留节点形态。,合并或排除隐藏/遗留条目,已读取名称元数据,base:dist/nodes/Function/Function.node.js
122,数据变换与计算,单项代码函数（遗留）,(Function Item),functionItem,核心节点,n8n-nodes-base,2.34.4,隐藏,仅名称/节点类型能力参考；不复制代码、参数 Schema、文案、图标、测试或 UI,部分实现,code,由受控代码与迭代组合覆盖。,合并或排除隐藏/遗留条目,已读取名称元数据,base:dist/nodes/FunctionItem/FunctionItem.node.js
123,数据变换与计算,列表拆分,(Split Out),splitOut,核心节点,n8n-nodes-base,2.34.4,未标记隐藏,仅名称/节点类型能力参考；不复制代码、参数 Schema、文案、图标、测试或 UI,部分实现,variable_aggregator,已有变量聚合，未覆盖参考节点全部项目级聚合模式。,核心能力候选,已读取名称元数据,base:dist/nodes/Transform/SplitOut/SplitOut.node.js
124,数据变换与计算,列表处理（遗留）,(Item Lists),itemLists,核心节点,n8n-nodes-base,2.34.4,隐藏,仅名称/节点类型能力参考；不复制代码、参数 Schema、文案、图标、测试或 UI,部分实现,list_operation,已有基础列表节点，但当前仅长度、拼接、首项、末项。,合并或排除隐藏/遗留条目,已读取名称元数据,base:dist/nodes/ItemLists/ItemLists.node.js
125,数据变换与计算,模型编排代码,(LangChain Code),code,AI 集群节点,@n8n/n8n-nodes-langchain,2.34.4,隐藏,仅名称/节点类型能力参考；不复制代码、参数 Schema、文案、图标、测试或 UI,部分实现,code,已有受控代码节点，不等同于模型工具沙箱。,合并或排除隐藏/遗留条目,已读取名称元数据,langchain:dist/nodes/code/Code.node.js
126,数据变换与计算,日期时间处理,(Date & Time),dateTime,核心节点,n8n-nodes-base,2.34.4,未标记隐藏,仅名称/节点类型能力参考；不复制代码、参数 Schema、文案、图标、测试或 UI,部分实现,time_tool,已有当前时间、时间戳和格式化输出。,核心能力候选,已读取名称元数据,base:dist/nodes/DateTime/DateTime.node.js
127,数据变换与计算,受控代码,(Code),code,核心节点,n8n-nodes-base,2.34.4,未标记隐藏,仅名称/节点类型能力参考；不复制代码、参数 Schema、文案、图标、测试或 UI,部分实现,code,已有受控字符串与 Python 执行，非通用 Node.js 沙箱。,核心能力候选,已读取名称元数据,base:dist/nodes/Code/Code.node.js
128,数据变换与计算,数据汇总,(Summarize),summarize,核心节点,n8n-nodes-base,2.34.4,未标记隐藏,仅名称/节点类型能力参考；不复制代码、参数 Schema、文案、图标、测试或 UI,部分实现,variable_aggregator,已有变量聚合，未覆盖参考节点全部项目级聚合模式。,核心能力候选,已读取名称元数据,base:dist/nodes/Transform/Summarize/Summarize.node.js
129,数据变换与计算,数据集对比,(Compare Datasets),compareDatasets,核心节点,n8n-nodes-base,2.34.4,未标记隐藏,仅名称/节点类型能力参考；不复制代码、参数 Schema、文案、图标、测试或 UI,未实现,—,没有数据集差异比较节点。,核心能力候选,已读取名称元数据,base:dist/nodes/CompareDatasets/CompareDatasets.node.js
130,数据变换与计算,数据聚合,(Aggregate),aggregate,核心节点,n8n-nodes-base,2.34.4,未标记隐藏,仅名称/节点类型能力参考；不复制代码、参数 Schema、文案、图标、测试或 UI,部分实现,variable_aggregator,已有变量聚合，未覆盖参考节点全部项目级聚合模式。,核心能力候选,已读取名称元数据,base:dist/nodes/Transform/Aggregate/Aggregate.node.js
131,数据变换与计算,数据排序,(Sort),sort,核心节点,n8n-nodes-base,2.34.4,未标记隐藏,仅名称/节点类型能力参考；不复制代码、参数 Schema、文案、图标、测试或 UI,部分实现,variable_aggregator,已有变量聚合，未覆盖参考节点全部项目级聚合模式。,核心能力候选,已读取名称元数据,base:dist/nodes/Transform/Sort/Sort.node.js
132,数据变换与计算,数据去重,(Remove Duplicates),removeDuplicates,核心节点,n8n-nodes-base,2.34.4,未标记隐藏,仅名称/节点类型能力参考；不复制代码、参数 Schema、文案、图标、测试或 UI,部分实现,variable_aggregator,已有变量聚合，未覆盖参考节点全部项目级聚合模式。,核心能力候选,已读取名称元数据,base:dist/nodes/Transform/RemoveDuplicates/RemoveDuplicates.node.js
133,数据变换与计算,数据筛选,(Filter),filter,核心节点,n8n-nodes-base,2.34.4,未标记隐藏,仅名称/节点类型能力参考；不复制代码、参数 Schema、文案、图标、测试或 UI,部分实现,list_operation,已有基础列表节点，但当前仅长度、拼接、首项、末项。,核心能力候选,已读取名称元数据,base:dist/nodes/Filter/Filter.node.js
134,数据变换与计算,数量限制,(Limit),limit,核心节点,n8n-nodes-base,2.34.4,未标记隐藏,仅名称/节点类型能力参考；不复制代码、参数 Schema、文案、图标、测试或 UI,部分实现,variable_aggregator,已有变量聚合，未覆盖参考节点全部项目级聚合模式。,核心能力候选,已读取名称元数据,base:dist/nodes/Transform/Limit/Limit.node.js
135,数据变换与计算,字段编辑,(Set),set,核心节点,n8n-nodes-base,2.34.4,未标记隐藏,仅名称/节点类型能力参考；不复制代码、参数 Schema、文案、图标、测试或 UI,已实现,variable_assign,已有变量赋值与模板渲染。,核心能力候选,已读取名称元数据,base:dist/nodes/Set/Set.node.js
136,数据变换与计算,字段重命名,(Rename Keys),renameKeys,核心节点,n8n-nodes-base,2.34.4,未标记隐藏,仅名称/节点类型能力参考；不复制代码、参数 Schema、文案、图标、测试或 UI,部分实现,variable_assign / template_transform,可做部分字段转换，缺少专用结构化操作契约。,核心能力候选,已读取名称元数据,base:dist/nodes/RenameKeys/RenameKeys.node.js
137,数据变换与计算,Convert to/from binary data 能力节点,(Convert to/from binary data),moveBinaryData,核心节点,n8n-nodes-base,2.34.4,隐藏,仅名称/节点类型能力参考；不复制代码、参数 Schema、文案、图标、测试或 UI,部分实现,variable_assign / template_transform,可做部分字段转换，缺少专用结构化操作契约。,合并或排除隐藏/遗留条目,已读取名称元数据,base:dist/nodes/MoveBinaryData/MoveBinaryData.node.js
138,文件与内容处理,本地文件读写,(Read/Write Files from Disk),readWriteFile,核心节点,n8n-nodes-base,2.34.4,未标记隐藏,仅名称/节点类型能力参考；不复制代码、参数 Schema、文案、图标、测试或 UI,部分实现,document_extractor,可从受限本地路径提取文本，格式与二进制能力有限。,核心能力候选,已读取名称元数据,base:dist/nodes/Files/ReadWriteFile/ReadWriteFile.node.js
139,文件与内容处理,订阅源读取,(RSS Read),rssFeedRead,核心节点,n8n-nodes-base,2.34.4,未标记隐藏,仅名称/节点类型能力参考；不复制代码、参数 Schema、文案、图标、测试或 UI,通用节点可覆盖,http_request / mcp_tool,需该服务的 API 或受信 MCP 适配器；没有专用节点与凭据契约。,核心能力候选,已读取名称元数据,base:dist/nodes/RssFeedRead/RssFeedRead.node.js
140,文件与内容处理,二进制文件读取（遗留）,(Read Binary File),readBinaryFile,核心节点,n8n-nodes-base,2.34.4,隐藏,仅名称/节点类型能力参考；不复制代码、参数 Schema、文案、图标、测试或 UI,部分实现,document_extractor,可从受限本地路径提取文本，格式与二进制能力有限。,合并或排除隐藏/遗留条目,已读取名称元数据,base:dist/nodes/ReadBinaryFile/ReadBinaryFile.node.js
141,文件与内容处理,二进制文件写入（遗留）,(Write Binary File),writeBinaryFile,核心节点,n8n-nodes-base,2.34.4,隐藏,仅名称/节点类型能力参考；不复制代码、参数 Schema、文案、图标、测试或 UI,未实现,—,没有对应的画布文件写入/媒体处理节点。,合并或排除隐藏/遗留条目,已读取名称元数据,base:dist/nodes/WriteBinaryFile/WriteBinaryFile.node.js
142,文件与内容处理,内容转文件,(Convert to File),convertToFile,核心节点,n8n-nodes-base,2.34.4,未标记隐藏,仅名称/节点类型能力参考；不复制代码、参数 Schema、文案、图标、测试或 UI,未实现,—,当前文档节点不负责文件生成或写盘。,核心能力候选,已读取名称元数据,base:dist/nodes/Files/ConvertToFile/ConvertToFile.node.js
143,文件与内容处理,批量二进制文件读取（遗留）,(Read Binary Files),readBinaryFiles,核心节点,n8n-nodes-base,2.34.4,隐藏,仅名称/节点类型能力参考；不复制代码、参数 Schema、文案、图标、测试或 UI,部分实现,document_extractor,可从受限本地路径提取文本，格式与二进制能力有限。,合并或排除隐藏/遗留条目,已读取名称元数据,base:dist/nodes/ReadBinaryFiles/ReadBinaryFiles.node.js
144,文件与内容处理,网页内容处理,(HTML),html,核心节点,n8n-nodes-base,2.34.4,未标记隐藏,仅名称/节点类型能力参考；不复制代码、参数 Schema、文案、图标、测试或 UI,通用节点可覆盖,code / template_transform,可组合处理部分文本，尚无专用解析节点。,核心能力候选,已读取名称元数据,base:dist/nodes/Html/Html.node.js
145,文件与内容处理,网页内容提取（遗留）,(HTML Extract),htmlExtract,核心节点,n8n-nodes-base,2.34.4,隐藏,仅名称/节点类型能力参考；不复制代码、参数 Schema、文案、图标、测试或 UI,通用节点可覆盖,code / template_transform,可组合处理部分文本，尚无专用解析节点。,合并或排除隐藏/遗留条目,已读取名称元数据,base:dist/nodes/HtmlExtract/HtmlExtract.node.js
146,文件与内容处理,文件传输,(FTP),ftp,核心节点,n8n-nodes-base,2.34.4,未标记隐藏,仅名称/节点类型能力参考；不复制代码、参数 Schema、文案、图标、测试或 UI,通用节点可覆盖,mcp_tool,需受信 MCP 适配器；当前没有专用节点。,核心能力候选,已读取名称元数据,base:dist/nodes/Ftp/Ftp.node.js
147,文件与内容处理,文件内容提取,(Extract from File),extractFromFile,核心节点,n8n-nodes-base,2.34.4,未标记隐藏,仅名称/节点类型能力参考；不复制代码、参数 Schema、文案、图标、测试或 UI,部分实现,document_extractor,可从受限本地路径提取文本，格式与二进制能力有限。,核心能力候选,已读取名称元数据,base:dist/nodes/Files/ExtractFromFile/ExtractFromFile.node.js
148,文件与内容处理,压缩与解压,(Compression),compression,核心节点,n8n-nodes-base,2.34.4,未标记隐藏,仅名称/节点类型能力参考；不复制代码、参数 Schema、文案、图标、测试或 UI,未实现,—,没有对应的画布文件写入/媒体处理节点。,核心能力候选,已读取名称元数据,base:dist/nodes/Compression/Compression.node.js
149,文件与内容处理,远程命令,(SSH),ssh,核心节点,n8n-nodes-base,2.34.4,未标记隐藏,仅名称/节点类型能力参考；不复制代码、参数 Schema、文案、图标、测试或 UI,通用节点可覆盖,mcp_tool,需受信 MCP 适配器；当前没有专用节点。,核心能力候选,已读取名称元数据,base:dist/nodes/Ssh/Ssh.node.js
150,文件与内容处理,ConvertKit 内容服务,(ConvertKit),convertKit,应用操作节点,n8n-nodes-base,2.34.4,未标记隐藏,仅名称/节点类型能力参考；不复制代码、参数 Schema、文案、图标、测试或 UI,通用节点可覆盖,http_request / mcp_tool,需该服务的 API 或受信 MCP 适配器；没有专用节点与凭据契约。,按需连接器候选,已读取名称元数据,base:dist/nodes/ConvertKit/ConvertKit.node.js
151,文件与内容处理,Dropbox 内容服务,(Dropbox),dropbox,应用操作节点,n8n-nodes-base,2.34.4,未标记隐藏,仅名称/节点类型能力参考；不复制代码、参数 Schema、文案、图标、测试或 UI,通用节点可覆盖,http_request / mcp_tool,需该服务的 API 或受信 MCP 适配器；没有专用节点与凭据契约。,按需连接器候选,已读取名称元数据,base:dist/nodes/Dropbox/Dropbox.node.js
152,文件与内容处理,Edit Image 内容服务,(Edit Image),editImage,核心节点,n8n-nodes-base,2.34.4,未标记隐藏,仅名称/节点类型能力参考；不复制代码、参数 Schema、文案、图标、测试或 UI,未实现,—,没有对应的画布文件写入/媒体处理节点。,核心能力候选,已读取名称元数据,base:dist/nodes/EditImage/EditImage.node.js
153,文件与内容处理,iCalendar 内容服务,(iCalendar),iCal,核心节点,n8n-nodes-base,2.34.4,隐藏,仅名称/节点类型能力参考；不复制代码、参数 Schema、文案、图标、测试或 UI,未实现,—,隐藏、遗留或测试条目不视为模镜现有能力。,合并或排除隐藏/遗留条目,已读取名称元数据,base:dist/nodes/ICalendar/ICalendar.node.js
154,文件与内容处理,Markdown 转换,(Markdown),markdown,核心节点,n8n-nodes-base,2.34.4,未标记隐藏,仅名称/节点类型能力参考；不复制代码、参数 Schema、文案、图标、测试或 UI,通用节点可覆盖,code / template_transform,可组合处理部分文本，尚无专用解析节点。,核心能力候选,已读取名称元数据,base:dist/nodes/Markdown/Markdown.node.js
155,文件与内容处理,Nextcloud 内容服务,(Nextcloud),nextCloud,应用操作节点,n8n-nodes-base,2.34.4,未标记隐藏,仅名称/节点类型能力参考；不复制代码、参数 Schema、文案、图标、测试或 UI,通用节点可覆盖,http_request / mcp_tool,需该服务的 API 或受信 MCP 适配器；没有专用节点与凭据契约。,按需连接器候选,已读取名称元数据,base:dist/nodes/NextCloud/NextCloud.node.js
156,文件与内容处理,PDF 文本提取（遗留）,(Read PDF),readPDF,核心节点,n8n-nodes-base,2.34.4,隐藏,仅名称/节点类型能力参考；不复制代码、参数 Schema、文案、图标、测试或 UI,部分实现,document_extractor,可从受限本地路径提取文本，格式与二进制能力有限。,合并或排除隐藏/遗留条目,已读取名称元数据,base:dist/nodes/ReadPdf/ReadPDF.node.js
157,文件与内容处理,XML 转换,(XML),xml,核心节点,n8n-nodes-base,2.34.4,未标记隐藏,仅名称/节点类型能力参考；不复制代码、参数 Schema、文案、图标、测试或 UI,通用节点可覆盖,code / template_transform,可组合处理部分文本，尚无专用解析节点。,核心能力候选,已读取名称元数据,base:dist/nodes/Xml/Xml.node.js
158,网络与接口,GraphQL 调用,(GraphQL),graphql,核心节点,n8n-nodes-base,2.34.4,未标记隐藏,仅名称/节点类型能力参考；不复制代码、参数 Schema、文案、图标、测试或 UI,通用节点可覆盖,http_request,可经 HTTP 调用，但无 GraphQL 查询变量专用契约。,核心能力候选,已读取名称元数据,base:dist/nodes/GraphQL/GraphQL.node.js
159,网络与接口,HTTP 调用,(HTTP Request),httpRequest,核心节点,n8n-nodes-base,2.34.4,未标记隐藏,仅名称/节点类型能力参考；不复制代码、参数 Schema、文案、图标、测试或 UI,部分实现,http_request,已有 GET/POST 与安全开关，操作面少于参考节点。,核心能力候选,已读取名称元数据,base:dist/nodes/HttpRequest/HttpRequest.node.js
160,网络与接口,HTTP 事件回执,(Respond to Webhook),respondToWebhook,核心节点,n8n-nodes-base,2.34.4,未标记隐藏,仅名称/节点类型能力参考；不复制代码、参数 Schema、文案、图标、测试或 UI,已实现,http_event_reply,自研 HTTP 事件回执支持常用语义状态或 200-599 自定义状态、文本/JSON 模板正文，必须是私有 HTTP 工作流终端节点。,核心能力候选,已读取名称元数据,base:dist/nodes/RespondToWebhook/RespondToWebhook.node.js
161,数据库与存储,内置数据表,(Data table),dataTable,核心节点,n8n-nodes-base,2.34.4,未标记隐藏,仅名称/节点类型能力参考；不复制代码、参数 Schema、文案、图标、测试或 UI,部分实现,data_table_query / data_table_insert / data_table_update / data_table_delete,模镜已有自研 Agent Table 四类操作，但 Schema、过滤与产品语义不宣称和参考项等价。,核心能力候选,已读取名称元数据,base:dist/nodes/DataTable/DataTable.node.js
162,数据库与存储,Adalo 数据连接,(Adalo),adalo,应用操作节点,n8n-nodes-base,2.34.4,未标记隐藏,仅名称/节点类型能力参考；不复制代码、参数 Schema、文案、图标、测试或 UI,通用节点可覆盖,http_request / mcp_tool,需该服务的 API 或受信 MCP 适配器；没有专用节点与凭据契约。,按需连接器候选,已读取名称元数据,base:dist/nodes/Adalo/Adalo.node.js
163,数据库与存储,Airtable 数据连接,(Airtable),airtable,应用操作节点,n8n-nodes-base,2.34.4,未标记隐藏,仅名称/节点类型能力参考；不复制代码、参数 Schema、文案、图标、测试或 UI,通用节点可覆盖,http_request / mcp_tool,需该服务的 API 或受信 MCP 适配器；没有专用节点与凭据契约。,按需连接器候选,已读取名称元数据,base:dist/nodes/Airtable/Airtable.node.js
164,数据库与存储,Azure Cosmos DB 数据连接,(Azure Cosmos DB),azureCosmosDb,应用操作节点,n8n-nodes-base,2.34.4,未标记隐藏,仅名称/节点类型能力参考；不复制代码、参数 Schema、文案、图标、测试或 UI,通用节点可覆盖,http_request / mcp_tool,需该服务的 API 或受信 MCP 适配器；没有专用节点与凭据契约。,按需连接器候选,已读取名称元数据,base:dist/nodes/Microsoft/AzureCosmosDb/AzureCosmosDb.node.js
165,数据库与存储,Azure Storage 数据连接,(Azure Storage),azureStorage,应用操作节点,n8n-nodes-base,2.34.4,未标记隐藏,仅名称/节点类型能力参考；不复制代码、参数 Schema、文案、图标、测试或 UI,通用节点可覆盖,http_request / mcp_tool,需该服务的 API 或受信 MCP 适配器；没有专用节点与凭据契约。,按需连接器候选,已读取名称元数据,base:dist/nodes/Microsoft/Storage/AzureStorage.node.js
166,数据库与存储,Baserow 数据连接,(Baserow),baserow,应用操作节点,n8n-nodes-base,2.34.4,未标记隐藏,仅名称/节点类型能力参考；不复制代码、参数 Schema、文案、图标、测试或 UI,通用节点可覆盖,http_request / mcp_tool,需该服务的 API 或受信 MCP 适配器；没有专用节点与凭据契约。,按需连接器候选,已读取名称元数据,base:dist/nodes/Baserow/Baserow.node.js
167,数据库与存储,Cockpit 数据连接,(Cockpit),cockpit,应用操作节点,n8n-nodes-base,2.34.4,未标记隐藏,仅名称/节点类型能力参考；不复制代码、参数 Schema、文案、图标、测试或 UI,通用节点可覆盖,http_request / mcp_tool,需该服务的 API 或受信 MCP 适配器；没有专用节点与凭据契约。,按需连接器候选,已读取名称元数据,base:dist/nodes/Cockpit/Cockpit.node.js
168,数据库与存储,Coda 数据连接,(Coda),coda,应用操作节点,n8n-nodes-base,2.34.4,未标记隐藏,仅名称/节点类型能力参考；不复制代码、参数 Schema、文案、图标、测试或 UI,通用节点可覆盖,http_request / mcp_tool,需该服务的 API 或受信 MCP 适配器；没有专用节点与凭据契约。,按需连接器候选,已读取名称元数据,base:dist/nodes/Coda/Coda.node.js
169,数据库与存储,Contentful 数据连接,(Contentful),contentful,应用操作节点,n8n-nodes-base,2.34.4,未标记隐藏,仅名称/节点类型能力参考；不复制代码、参数 Schema、文案、图标、测试或 UI,通用节点可覆盖,http_request / mcp_tool,需该服务的 API 或受信 MCP 适配器；没有专用节点与凭据契约。,按需连接器候选,已读取名称元数据,base:dist/nodes/Contentful/Contentful.node.js
170,数据库与存储,CrateDB 数据连接,(CrateDB),crateDb,应用操作节点,n8n-nodes-base,2.34.4,未标记隐藏,仅名称/节点类型能力参考；不复制代码、参数 Schema、文案、图标、测试或 UI,通用节点可覆盖,http_request / mcp_tool,需该服务的 API 或受信 MCP 适配器；没有专用节点与凭据契约。,按需连接器候选,已读取名称元数据,base:dist/nodes/CrateDb/CrateDb.node.js
171,数据库与存储,Databricks 数据连接,(Databricks),databricks,应用操作节点,n8n-nodes-base,2.34.4,未标记隐藏,仅名称/节点类型能力参考；不复制代码、参数 Schema、文案、图标、测试或 UI,通用节点可覆盖,http_request / mcp_tool,需该服务的 API 或受信 MCP 适配器；没有专用节点与凭据契约。,按需连接器候选,已读取名称元数据,base:dist/nodes/Databricks/Databricks.node.js
172,数据库与存储,Elastic Security 数据连接,(Elastic Security),elasticSecurity,应用操作节点,n8n-nodes-base,2.34.4,未标记隐藏,仅名称/节点类型能力参考；不复制代码、参数 Schema、文案、图标、测试或 UI,通用节点可覆盖,http_request / mcp_tool,需该服务的 API 或受信 MCP 适配器；没有专用节点与凭据契约。,按需连接器候选,已读取名称元数据,base:dist/nodes/Elastic/ElasticSecurity/ElasticSecurity.node.js
173,数据库与存储,Elasticsearch 数据连接,(Elasticsearch),elasticsearch,应用操作节点,n8n-nodes-base,2.34.4,未标记隐藏,仅名称/节点类型能力参考；不复制代码、参数 Schema、文案、图标、测试或 UI,通用节点可覆盖,http_request / mcp_tool,需该服务的 API 或受信 MCP 适配器；没有专用节点与凭据契约。,按需连接器候选,已读取名称元数据,base:dist/nodes/Elastic/Elasticsearch/Elasticsearch.node.js
174,数据库与存储,FileMaker 数据连接,(FileMaker),filemaker,应用操作节点,n8n-nodes-base,2.34.4,未标记隐藏,仅名称/节点类型能力参考；不复制代码、参数 Schema、文案、图标、测试或 UI,通用节点可覆盖,http_request / mcp_tool,需该服务的 API 或受信 MCP 适配器；没有专用节点与凭据契约。,按需连接器候选,已读取名称元数据,base:dist/nodes/FileMaker/FileMaker.node.js
175,数据库与存储,Gmail 数据连接,(Gmail),gmail,应用操作节点,n8n-nodes-base,2.34.4,未标记隐藏,仅名称/节点类型能力参考；不复制代码、参数 Schema、文案、图标、测试或 UI,通用节点可覆盖,http_request / mcp_tool,需该服务的 API 或受信 MCP 适配器；没有专用节点与凭据契约。,按需连接器候选,已读取名称元数据,base:dist/nodes/Google/Gmail/Gmail.node.js
176,数据库与存储,Google Ads 数据连接,(Google Ads),googleAds,应用操作节点,n8n-nodes-base,2.34.4,未标记隐藏,仅名称/节点类型能力参考；不复制代码、参数 Schema、文案、图标、测试或 UI,通用节点可覆盖,http_request / mcp_tool,需该服务的 API 或受信 MCP 适配器；没有专用节点与凭据契约。,按需连接器候选,已读取名称元数据,base:dist/nodes/Google/Ads/GoogleAds.node.js
177,数据库与存储,Google Analytics 数据连接,(Google Analytics),googleAnalytics,应用操作节点,n8n-nodes-base,2.34.4,未标记隐藏,仅名称/节点类型能力参考；不复制代码、参数 Schema、文案、图标、测试或 UI,通用节点可覆盖,http_request / mcp_tool,需该服务的 API 或受信 MCP 适配器；没有专用节点与凭据契约。,按需连接器候选,已读取名称元数据,base:dist/nodes/Google/Analytics/GoogleAnalytics.node.js
178,数据库与存储,Google BigQuery 数据连接,(Google BigQuery),googleBigQuery,应用操作节点,n8n-nodes-base,2.34.4,未标记隐藏,仅名称/节点类型能力参考；不复制代码、参数 Schema、文案、图标、测试或 UI,通用节点可覆盖,http_request / mcp_tool,需该服务的 API 或受信 MCP 适配器；没有专用节点与凭据契约。,按需连接器候选,已读取名称元数据,base:dist/nodes/Google/BigQuery/GoogleBigQuery.node.js
179,数据库与存储,Google Books 数据连接,(Google Books),googleBooks,应用操作节点,n8n-nodes-base,2.34.4,未标记隐藏,仅名称/节点类型能力参考；不复制代码、参数 Schema、文案、图标、测试或 UI,通用节点可覆盖,http_request / mcp_tool,需该服务的 API 或受信 MCP 适配器；没有专用节点与凭据契约。,按需连接器候选,已读取名称元数据,base:dist/nodes/Google/Books/GoogleBooks.node.js
180,数据库与存储,Google Business Profile 数据连接,(Google Business Profile),googleBusinessProfile,应用操作节点,n8n-nodes-base,2.34.4,未标记隐藏,仅名称/节点类型能力参考；不复制代码、参数 Schema、文案、图标、测试或 UI,通用节点可覆盖,http_request / mcp_tool,需该服务的 API 或受信 MCP 适配器；没有专用节点与凭据契约。,按需连接器候选,已读取名称元数据,base:dist/nodes/Google/BusinessProfile/GoogleBusinessProfile.node.js
181,数据库与存储,Google Calendar 数据连接,(Google Calendar),googleCalendar,应用操作节点,n8n-nodes-base,2.34.4,未标记隐藏,仅名称/节点类型能力参考；不复制代码、参数 Schema、文案、图标、测试或 UI,通用节点可覆盖,http_request / mcp_tool,需该服务的 API 或受信 MCP 适配器；没有专用节点与凭据契约。,按需连接器候选,已读取名称元数据,base:dist/nodes/Google/Calendar/GoogleCalendar.node.js
182,数据库与存储,Google Chat 数据连接,(Google Chat),googleChat,应用操作节点,n8n-nodes-base,2.34.4,未标记隐藏,仅名称/节点类型能力参考；不复制代码、参数 Schema、文案、图标、测试或 UI,通用节点可覆盖,http_request / mcp_tool,需该服务的 API 或受信 MCP 适配器；没有专用节点与凭据契约。,按需连接器候选,已读取名称元数据,base:dist/nodes/Google/Chat/GoogleChat.node.js
183,数据库与存储,Google Cloud Firestore 数据连接,(Google Cloud Firestore),googleFirebaseCloudFirestore,应用操作节点,n8n-nodes-base,2.34.4,未标记隐藏,仅名称/节点类型能力参考；不复制代码、参数 Schema、文案、图标、测试或 UI,通用节点可覆盖,http_request / mcp_tool,需该服务的 API 或受信 MCP 适配器；没有专用节点与凭据契约。,按需连接器候选,已读取名称元数据,base:dist/nodes/Google/Firebase/CloudFirestore/GoogleFirebaseCloudFirestore.node.js
184,数据库与存储,Google Cloud Natural Language 数据连接,(Google Cloud Natural Language),googleCloudNaturalLanguage,应用操作节点,n8n-nodes-base,2.34.4,未标记隐藏,仅名称/节点类型能力参考；不复制代码、参数 Schema、文案、图标、测试或 UI,通用节点可覆盖,http_request / mcp_tool,需该服务的 API 或受信 MCP 适配器；没有专用节点与凭据契约。,按需连接器候选,已读取名称元数据,base:dist/nodes/Google/CloudNaturalLanguage/GoogleCloudNaturalLanguage.node.js
185,数据库与存储,Google Cloud Realtime Database 数据连接,(Google Cloud Realtime Database),googleFirebaseRealtimeDatabase,应用操作节点,n8n-nodes-base,2.34.4,未标记隐藏,仅名称/节点类型能力参考；不复制代码、参数 Schema、文案、图标、测试或 UI,通用节点可覆盖,http_request / mcp_tool,需该服务的 API 或受信 MCP 适配器；没有专用节点与凭据契约。,按需连接器候选,已读取名称元数据,base:dist/nodes/Google/Firebase/RealtimeDatabase/GoogleFirebaseRealtimeDatabase.node.js
186,数据库与存储,Google Cloud Storage 数据连接,(Google Cloud Storage),googleCloudStorage,应用操作节点,n8n-nodes-base,2.34.4,未标记隐藏,仅名称/节点类型能力参考；不复制代码、参数 Schema、文案、图标、测试或 UI,通用节点可覆盖,http_request / mcp_tool,需该服务的 API 或受信 MCP 适配器；没有专用节点与凭据契约。,按需连接器候选,已读取名称元数据,base:dist/nodes/Google/CloudStorage/GoogleCloudStorage.node.js
187,数据库与存储,Google Contacts 数据连接,(Google Contacts),googleContacts,应用操作节点,n8n-nodes-base,2.34.4,未标记隐藏,仅名称/节点类型能力参考；不复制代码、参数 Schema、文案、图标、测试或 UI,通用节点可覆盖,http_request / mcp_tool,需该服务的 API 或受信 MCP 适配器；没有专用节点与凭据契约。,按需连接器候选,已读取名称元数据,base:dist/nodes/Google/Contacts/GoogleContacts.node.js
188,数据库与存储,Google Docs 数据连接,(Google Docs),googleDocs,应用操作节点,n8n-nodes-base,2.34.4,未标记隐藏,仅名称/节点类型能力参考；不复制代码、参数 Schema、文案、图标、测试或 UI,通用节点可覆盖,http_request / mcp_tool,需该服务的 API 或受信 MCP 适配器；没有专用节点与凭据契约。,按需连接器候选,已读取名称元数据,base:dist/nodes/Google/Docs/GoogleDocs.node.js
189,数据库与存储,Google Drive 数据连接,(Google Drive),googleDrive,应用操作节点,n8n-nodes-base,2.34.4,未标记隐藏,仅名称/节点类型能力参考；不复制代码、参数 Schema、文案、图标、测试或 UI,通用节点可覆盖,http_request / mcp_tool,需该服务的 API 或受信 MCP 适配器；没有专用节点与凭据契约。,按需连接器候选,已读取名称元数据,base:dist/nodes/Google/Drive/GoogleDrive.node.js
190,数据库与存储,Google Perspective 数据连接,(Google Perspective),googlePerspective,应用操作节点,n8n-nodes-base,2.34.4,未标记隐藏,仅名称/节点类型能力参考；不复制代码、参数 Schema、文案、图标、测试或 UI,通用节点可覆盖,http_request / mcp_tool,需该服务的 API 或受信 MCP 适配器；没有专用节点与凭据契约。,按需连接器候选,已读取名称元数据,base:dist/nodes/Google/Perspective/GooglePerspective.node.js
191,数据库与存储,Google Sheets 数据连接,(Google Sheets),googleSheets,应用操作节点,n8n-nodes-base,2.34.4,未标记隐藏,仅名称/节点类型能力参考；不复制代码、参数 Schema、文案、图标、测试或 UI,通用节点可覆盖,http_request / mcp_tool,需该服务的 API 或受信 MCP 适配器；没有专用节点与凭据契约。,按需连接器候选,已读取名称元数据,base:dist/nodes/Google/Sheet/GoogleSheets.node.js
192,数据库与存储,Google Slides 数据连接,(Google Slides),googleSlides,应用操作节点,n8n-nodes-base,2.34.4,未标记隐藏,仅名称/节点类型能力参考；不复制代码、参数 Schema、文案、图标、测试或 UI,通用节点可覆盖,http_request / mcp_tool,需该服务的 API 或受信 MCP 适配器；没有专用节点与凭据契约。,按需连接器候选,已读取名称元数据,base:dist/nodes/Google/Slides/GoogleSlides.node.js
193,数据库与存储,Google Tasks 数据连接,(Google Tasks),googleTasks,应用操作节点,n8n-nodes-base,2.34.4,未标记隐藏,仅名称/节点类型能力参考；不复制代码、参数 Schema、文案、图标、测试或 UI,通用节点可覆盖,http_request / mcp_tool,需该服务的 API 或受信 MCP 适配器；没有专用节点与凭据契约。,按需连接器候选,已读取名称元数据,base:dist/nodes/Google/Task/GoogleTasks.node.js
194,数据库与存储,Google Translate 数据连接,(Google Translate),googleTranslate,应用操作节点,n8n-nodes-base,2.34.4,未标记隐藏,仅名称/节点类型能力参考；不复制代码、参数 Schema、文案、图标、测试或 UI,通用节点可覆盖,http_request / mcp_tool,需该服务的 API 或受信 MCP 适配器；没有专用节点与凭据契约。,按需连接器候选,已读取名称元数据,base:dist/nodes/Google/Translate/GoogleTranslate.node.js
195,数据库与存储,Google Workspace Admin 数据连接,(Google Workspace Admin),gSuiteAdmin,应用操作节点,n8n-nodes-base,2.34.4,未标记隐藏,仅名称/节点类型能力参考；不复制代码、参数 Schema、文案、图标、测试或 UI,通用节点可覆盖,http_request / mcp_tool,需该服务的 API 或受信 MCP 适配器；没有专用节点与凭据契约。,按需连接器候选,已读取名称元数据,base:dist/nodes/Google/GSuiteAdmin/GSuiteAdmin.node.js
196,数据库与存储,Grist 数据连接,(Grist),grist,应用操作节点,n8n-nodes-base,2.34.4,未标记隐藏,仅名称/节点类型能力参考；不复制代码、参数 Schema、文案、图标、测试或 UI,通用节点可覆盖,http_request / mcp_tool,需该服务的 API 或受信 MCP 适配器；没有专用节点与凭据契约。,按需连接器候选,已读取名称元数据,base:dist/nodes/Grist/Grist.node.js
197,数据库与存储,Microsoft Dynamics CRM 数据连接,(Microsoft Dynamics CRM),microsoftDynamicsCrm,应用操作节点,n8n-nodes-base,2.34.4,未标记隐藏,仅名称/节点类型能力参考；不复制代码、参数 Schema、文案、图标、测试或 UI,通用节点可覆盖,http_request / mcp_tool,需该服务的 API 或受信 MCP 适配器；没有专用节点与凭据契约。,按需连接器候选,已读取名称元数据,base:dist/nodes/Microsoft/Dynamics/MicrosoftDynamicsCrm.node.js
198,数据库与存储,Microsoft Entra ID 数据连接,(Microsoft Entra ID),microsoftEntra,应用操作节点,n8n-nodes-base,2.34.4,未标记隐藏,仅名称/节点类型能力参考；不复制代码、参数 Schema、文案、图标、测试或 UI,通用节点可覆盖,http_request / mcp_tool,需该服务的 API 或受信 MCP 适配器；没有专用节点与凭据契约。,按需连接器候选,已读取名称元数据,base:dist/nodes/Microsoft/Entra/MicrosoftEntra.node.js
199,数据库与存储,Microsoft Excel OneDrive 数据连接,(Microsoft Excel (OneDrive)),microsoftExcel,应用操作节点,n8n-nodes-base,2.34.4,未标记隐藏,仅名称/节点类型能力参考；不复制代码、参数 Schema、文案、图标、测试或 UI,通用节点可覆盖,http_request / mcp_tool,需该服务的 API 或受信 MCP 适配器；没有专用节点与凭据契约。,按需连接器候选,已读取名称元数据,base:dist/nodes/Microsoft/Excel/MicrosoftExcel.node.js
200,数据库与存储,Microsoft Excel SharePoint 数据连接,(Microsoft Excel (SharePoint)),microsoftExcelSharePoint,应用操作节点,n8n-nodes-base,2.34.4,未标记隐藏,仅名称/节点类型能力参考；不复制代码、参数 Schema、文案、图标、测试或 UI,通用节点可覆盖,http_request / mcp_tool,需该服务的 API 或受信 MCP 适配器；没有专用节点与凭据契约。,按需连接器候选,已读取名称元数据,base:dist/nodes/Microsoft/ExcelSharePoint/MicrosoftExcelSharePoint.node.js
201,数据库与存储,Microsoft Graph Security 数据连接,(Microsoft Graph Security),microsoftGraphSecurity,应用操作节点,n8n-nodes-base,2.34.4,未标记隐藏,仅名称/节点类型能力参考；不复制代码、参数 Schema、文案、图标、测试或 UI,通用节点可覆盖,http_request / mcp_tool,需该服务的 API 或受信 MCP 适配器；没有专用节点与凭据契约。,按需连接器候选,已读取名称元数据,base:dist/nodes/Microsoft/GraphSecurity/MicrosoftGraphSecurity.node.js
202,数据库与存储,Microsoft OneDrive 数据连接,(Microsoft OneDrive),microsoftOneDrive,应用操作节点,n8n-nodes-base,2.34.4,未标记隐藏,仅名称/节点类型能力参考；不复制代码、参数 Schema、文案、图标、测试或 UI,通用节点可覆盖,http_request / mcp_tool,需该服务的 API 或受信 MCP 适配器；没有专用节点与凭据契约。,按需连接器候选,已读取名称元数据,base:dist/nodes/Microsoft/OneDrive/MicrosoftOneDrive.node.js
203,数据库与存储,Microsoft Outlook 数据连接,(Microsoft Outlook),microsoftOutlook,应用操作节点,n8n-nodes-base,2.34.4,未标记隐藏,仅名称/节点类型能力参考；不复制代码、参数 Schema、文案、图标、测试或 UI,通用节点可覆盖,http_request / mcp_tool,需该服务的 API 或受信 MCP 适配器；没有专用节点与凭据契约。,按需连接器候选,已读取名称元数据,base:dist/nodes/Microsoft/Outlook/MicrosoftOutlook.node.js
204,数据库与存储,Microsoft SharePoint 数据连接,(Microsoft SharePoint),microsoftSharePoint,应用操作节点,n8n-nodes-base,2.34.4,未标记隐藏,仅名称/节点类型能力参考；不复制代码、参数 Schema、文案、图标、测试或 UI,通用节点可覆盖,http_request / mcp_tool,需该服务的 API 或受信 MCP 适配器；没有专用节点与凭据契约。,按需连接器候选,已读取名称元数据,base:dist/nodes/Microsoft/SharePoint/MicrosoftSharePoint.node.js
205,数据库与存储,Microsoft SQL 数据连接,(Microsoft SQL),microsoftSql,应用操作节点,n8n-nodes-base,2.34.4,未标记隐藏,仅名称/节点类型能力参考；不复制代码、参数 Schema、文案、图标、测试或 UI,通用节点可覆盖,http_request / mcp_tool,需该服务的 API 或受信 MCP 适配器；没有专用节点与凭据契约。,按需连接器候选,已读取名称元数据,base:dist/nodes/Microsoft/Sql/MicrosoftSql.node.js
206,数据库与存储,Microsoft Teams 数据连接,(Microsoft Teams),microsoftTeams,应用操作节点,n8n-nodes-base,2.34.4,未标记隐藏,仅名称/节点类型能力参考；不复制代码、参数 Schema、文案、图标、测试或 UI,通用节点可覆盖,http_request / mcp_tool,需该服务的 API 或受信 MCP 适配器；没有专用节点与凭据契约。,按需连接器候选,已读取名称元数据,base:dist/nodes/Microsoft/Teams/MicrosoftTeams.node.js
207,数据库与存储,Microsoft To Do 数据连接,(Microsoft To Do),microsoftToDo,应用操作节点,n8n-nodes-base,2.34.4,未标记隐藏,仅名称/节点类型能力参考；不复制代码、参数 Schema、文案、图标、测试或 UI,通用节点可覆盖,http_request / mcp_tool,需该服务的 API 或受信 MCP 适配器；没有专用节点与凭据契约。,按需连接器候选,已读取名称元数据,base:dist/nodes/Microsoft/ToDo/MicrosoftToDo.node.js
208,数据库与存储,MongoDB 数据连接,(MongoDB),mongoDb,应用操作节点,n8n-nodes-base,2.34.4,未标记隐藏,仅名称/节点类型能力参考；不复制代码、参数 Schema、文案、图标、测试或 UI,通用节点可覆盖,http_request / mcp_tool,需该服务的 API 或受信 MCP 适配器；没有专用节点与凭据契约。,按需连接器候选,已读取名称元数据,base:dist/nodes/MongoDb/MongoDb.node.js
209,数据库与存储,MySQL 数据连接,(MySQL),mySql,应用操作节点,n8n-nodes-base,2.34.4,未标记隐藏,仅名称/节点类型能力参考；不复制代码、参数 Schema、文案、图标、测试或 UI,通用节点可覆盖,http_request / mcp_tool,需该服务的 API 或受信 MCP 适配器；没有专用节点与凭据契约。,按需连接器候选,已读取名称元数据,base:dist/nodes/MySql/MySql.node.js
210,数据库与存储,NocoDB 数据连接,(NocoDB),nocoDb,应用操作节点,n8n-nodes-base,2.34.4,未标记隐藏,仅名称/节点类型能力参考；不复制代码、参数 Schema、文案、图标、测试或 UI,通用节点可覆盖,http_request / mcp_tool,需该服务的 API 或受信 MCP 适配器；没有专用节点与凭据契约。,按需连接器候选,已读取名称元数据,base:dist/nodes/NocoDB/NocoDB.node.js
211,数据库与存储,Oracle Database 数据连接,(Oracle Database),oracleDatabase,应用操作节点,n8n-nodes-base,2.34.4,未标记隐藏,仅名称/节点类型能力参考；不复制代码、参数 Schema、文案、图标、测试或 UI,通用节点可覆盖,http_request / mcp_tool,需该服务的 API 或受信 MCP 适配器；没有专用节点与凭据契约。,按需连接器候选,已读取名称元数据,base:dist/nodes/Oracle/Sql/OracleSql.node.js
212,数据库与存储,Postgres 数据连接,(Postgres),postgres,应用操作节点,n8n-nodes-base,2.34.4,未标记隐藏,仅名称/节点类型能力参考；不复制代码、参数 Schema、文案、图标、测试或 UI,通用节点可覆盖,http_request / mcp_tool,需该服务的 API 或受信 MCP 适配器；没有专用节点与凭据契约。,按需连接器候选,已读取名称元数据,base:dist/nodes/Postgres/Postgres.node.js
213,数据库与存储,QuestDB 数据连接,(QuestDB),questDb,应用操作节点,n8n-nodes-base,2.34.4,未标记隐藏,仅名称/节点类型能力参考；不复制代码、参数 Schema、文案、图标、测试或 UI,通用节点可覆盖,http_request / mcp_tool,需该服务的 API 或受信 MCP 适配器；没有专用节点与凭据契约。,按需连接器候选,已读取名称元数据,base:dist/nodes/QuestDb/QuestDb.node.js
214,数据库与存储,Quick Base 数据连接,(Quick Base),quickbase,应用操作节点,n8n-nodes-base,2.34.4,未标记隐藏,仅名称/节点类型能力参考；不复制代码、参数 Schema、文案、图标、测试或 UI,通用节点可覆盖,http_request / mcp_tool,需该服务的 API 或受信 MCP 适配器；没有专用节点与凭据契约。,按需连接器候选,已读取名称元数据,base:dist/nodes/QuickBase/QuickBase.node.js
215,数据库与存储,Redis 数据连接,(Redis),redis,应用操作节点,n8n-nodes-base,2.34.4,未标记隐藏,仅名称/节点类型能力参考；不复制代码、参数 Schema、文案、图标、测试或 UI,通用节点可覆盖,http_request / mcp_tool,需该服务的 API 或受信 MCP 适配器；没有专用节点与凭据契约。,按需连接器候选,已读取名称元数据,base:dist/nodes/Redis/Redis.node.js
216,数据库与存储,S3 数据连接,(S3),s3,应用操作节点,n8n-nodes-base,2.34.4,未标记隐藏,仅名称/节点类型能力参考；不复制代码、参数 Schema、文案、图标、测试或 UI,通用节点可覆盖,http_request / mcp_tool,需该服务的 API 或受信 MCP 适配器；没有专用节点与凭据契约。,按需连接器候选,已读取名称元数据,base:dist/nodes/S3/S3.node.js
217,数据库与存储,SeaTable 数据连接,(SeaTable),seaTable,应用操作节点,n8n-nodes-base,2.34.4,未标记隐藏,仅名称/节点类型能力参考；不复制代码、参数 Schema、文案、图标、测试或 UI,通用节点可覆盖,http_request / mcp_tool,需该服务的 API 或受信 MCP 适配器；没有专用节点与凭据契约。,按需连接器候选,已读取名称元数据,base:dist/nodes/SeaTable/SeaTable.node.js
218,数据库与存储,Snowflake 数据连接,(Snowflake),snowflake,应用操作节点,n8n-nodes-base,2.34.4,未标记隐藏,仅名称/节点类型能力参考；不复制代码、参数 Schema、文案、图标、测试或 UI,通用节点可覆盖,http_request / mcp_tool,需该服务的 API 或受信 MCP 适配器；没有专用节点与凭据契约。,按需连接器候选,已读取名称元数据,base:dist/nodes/Snowflake/Snowflake.node.js
219,数据库与存储,Spreadsheet File 数据连接,(Spreadsheet File),spreadsheetFile,应用操作节点,n8n-nodes-base,2.34.4,隐藏,仅名称/节点类型能力参考；不复制代码、参数 Schema、文案、图标、测试或 UI,未实现,—,隐藏、遗留或测试条目不视为模镜现有能力。,合并或排除隐藏/遗留条目,已读取名称元数据,base:dist/nodes/SpreadsheetFile/SpreadsheetFile.node.js
220,数据库与存储,Stackby 数据连接,(Stackby),stackby,应用操作节点,n8n-nodes-base,2.34.4,未标记隐藏,仅名称/节点类型能力参考；不复制代码、参数 Schema、文案、图标、测试或 UI,通用节点可覆盖,http_request / mcp_tool,需该服务的 API 或受信 MCP 适配器；没有专用节点与凭据契约。,按需连接器候选,已读取名称元数据,base:dist/nodes/Stackby/Stackby.node.js
221,数据库与存储,Supabase 数据连接,(Supabase),supabase,应用操作节点,n8n-nodes-base,2.34.4,未标记隐藏,仅名称/节点类型能力参考；不复制代码、参数 Schema、文案、图标、测试或 UI,通用节点可覆盖,http_request / mcp_tool,需该服务的 API 或受信 MCP 适配器；没有专用节点与凭据契约。,按需连接器候选,已读取名称元数据,base:dist/nodes/Supabase/Supabase.node.js
222,数据库与存储,TimescaleDB 数据连接,(TimescaleDB),timescaleDb,应用操作节点,n8n-nodes-base,2.34.4,未标记隐藏,仅名称/节点类型能力参考；不复制代码、参数 Schema、文案、图标、测试或 UI,通用节点可覆盖,http_request / mcp_tool,需该服务的 API 或受信 MCP 适配器；没有专用节点与凭据契约。,按需连接器候选,已读取名称元数据,base:dist/nodes/TimescaleDb/TimescaleDb.node.js
223,数据库与存储,YouTube 数据连接,(YouTube),youTube,应用操作节点,n8n-nodes-base,2.34.4,未标记隐藏,仅名称/节点类型能力参考；不复制代码、参数 Schema、文案、图标、测试或 UI,通用节点可覆盖,http_request / mcp_tool,需该服务的 API 或受信 MCP 适配器；没有专用节点与凭据契约。,按需连接器候选,已读取名称元数据,base:dist/nodes/Google/YouTube/YouTube.node.js
224,消息与协作,邮件发送,(Send Email),emailSend,核心节点,n8n-nodes-base,2.34.4,未标记隐藏,仅名称/节点类型能力参考；不复制代码、参数 Schema、文案、图标、测试或 UI,通用节点可覆盖,http_request / mcp_tool,需邮件服务或 MCP 适配器；无专用凭据契约。,核心能力候选,已读取名称元数据,base:dist/nodes/EmailSend/EmailSend.node.js
225,消息与协作,AMQP Sender 消息协作,(AMQP Sender),amqp,应用操作节点,n8n-nodes-base,2.34.4,未标记隐藏,仅名称/节点类型能力参考；不复制代码、参数 Schema、文案、图标、测试或 UI,通用节点可覆盖,http_request / mcp_tool,需该服务的 API 或受信 MCP 适配器；没有专用节点与凭据契约。,按需连接器候选,已读取名称元数据,base:dist/nodes/Amqp/Amqp.node.js
226,消息与协作,Discord 消息协作,(Discord),discord,应用操作节点,n8n-nodes-base,2.34.4,未标记隐藏,仅名称/节点类型能力参考；不复制代码、参数 Schema、文案、图标、测试或 UI,通用节点可覆盖,http_request / mcp_tool,需该服务的 API 或受信 MCP 适配器；没有专用节点与凭据契约。,按需连接器候选,已读取名称元数据,base:dist/nodes/Discord/Discord.node.js
227,消息与协作,Drift 消息协作,(Drift),drift,应用操作节点,n8n-nodes-base,2.34.4,未标记隐藏,仅名称/节点类型能力参考；不复制代码、参数 Schema、文案、图标、测试或 UI,通用节点可覆盖,http_request / mcp_tool,需该服务的 API 或受信 MCP 适配器；没有专用节点与凭据契约。,按需连接器候选,已读取名称元数据,base:dist/nodes/Drift/Drift.node.js
228,消息与协作,Flow 消息协作,(Flow),flow,应用操作节点,n8n-nodes-base,2.34.4,未标记隐藏,仅名称/节点类型能力参考；不复制代码、参数 Schema、文案、图标、测试或 UI,通用节点可覆盖,http_request / mcp_tool,需该服务的 API 或受信 MCP 适配器；没有专用节点与凭据契约。,按需连接器候选,已读取名称元数据,base:dist/nodes/Flow/Flow.node.js
229,消息与协作,Gotify 消息协作,(Gotify),gotify,应用操作节点,n8n-nodes-base,2.34.4,未标记隐藏,仅名称/节点类型能力参考；不复制代码、参数 Schema、文案、图标、测试或 UI,通用节点可覆盖,http_request / mcp_tool,需该服务的 API 或受信 MCP 适配器；没有专用节点与凭据契约。,按需连接器候选,已读取名称元数据,base:dist/nodes/Gotify/Gotify.node.js
230,消息与协作,Kafka 消息协作,(Kafka),kafka,应用操作节点,n8n-nodes-base,2.34.4,未标记隐藏,仅名称/节点类型能力参考；不复制代码、参数 Schema、文案、图标、测试或 UI,通用节点可覆盖,http_request / mcp_tool,需该服务的 API 或受信 MCP 适配器；没有专用节点与凭据契约。,按需连接器候选,已读取名称元数据,base:dist/nodes/Kafka/Kafka.node.js
231,消息与协作,Line 消息协作,(Line),line,应用操作节点,n8n-nodes-base,2.34.4,未标记隐藏,仅名称/节点类型能力参考；不复制代码、参数 Schema、文案、图标、测试或 UI,通用节点可覆盖,http_request / mcp_tool,需该服务的 API 或受信 MCP 适配器；没有专用节点与凭据契约。,按需连接器候选,已读取名称元数据,base:dist/nodes/Line/Line.node.js
232,消息与协作,Mailgun 消息协作,(Mailgun),mailgun,应用操作节点,n8n-nodes-base,2.34.4,未标记隐藏,仅名称/节点类型能力参考；不复制代码、参数 Schema、文案、图标、测试或 UI,通用节点可覆盖,http_request / mcp_tool,需该服务的 API 或受信 MCP 适配器；没有专用节点与凭据契约。,按需连接器候选,已读取名称元数据,base:dist/nodes/Mailgun/Mailgun.node.js
233,消息与协作,Mailjet 消息协作,(Mailjet),mailjet,应用操作节点,n8n-nodes-base,2.34.4,未标记隐藏,仅名称/节点类型能力参考；不复制代码、参数 Schema、文案、图标、测试或 UI,通用节点可覆盖,http_request / mcp_tool,需该服务的 API 或受信 MCP 适配器；没有专用节点与凭据契约。,按需连接器候选,已读取名称元数据,base:dist/nodes/Mailjet/Mailjet.node.js
234,消息与协作,Mandrill 消息协作,(Mandrill),mandrill,应用操作节点,n8n-nodes-base,2.34.4,未标记隐藏,仅名称/节点类型能力参考；不复制代码、参数 Schema、文案、图标、测试或 UI,通用节点可覆盖,http_request / mcp_tool,需该服务的 API 或受信 MCP 适配器；没有专用节点与凭据契约。,按需连接器候选,已读取名称元数据,base:dist/nodes/Mandrill/Mandrill.node.js
235,消息与协作,Matrix 消息协作,(Matrix),matrix,应用操作节点,n8n-nodes-base,2.34.4,未标记隐藏,仅名称/节点类型能力参考；不复制代码、参数 Schema、文案、图标、测试或 UI,通用节点可覆盖,http_request / mcp_tool,需该服务的 API 或受信 MCP 适配器；没有专用节点与凭据契约。,按需连接器候选,已读取名称元数据,base:dist/nodes/Matrix/Matrix.node.js
236,消息与协作,Mattermost 消息协作,(Mattermost),mattermost,应用操作节点,n8n-nodes-base,2.34.4,未标记隐藏,仅名称/节点类型能力参考；不复制代码、参数 Schema、文案、图标、测试或 UI,通用节点可覆盖,http_request / mcp_tool,需该服务的 API 或受信 MCP 适配器；没有专用节点与凭据契约。,按需连接器候选,已读取名称元数据,base:dist/nodes/Mattermost/Mattermost.node.js
237,消息与协作,MessageBird 消息协作,(MessageBird),messageBird,应用操作节点,n8n-nodes-base,2.34.4,未标记隐藏,仅名称/节点类型能力参考；不复制代码、参数 Schema、文案、图标、测试或 UI,通用节点可覆盖,http_request / mcp_tool,需该服务的 API 或受信 MCP 适配器；没有专用节点与凭据契约。,按需连接器候选,已读取名称元数据,base:dist/nodes/MessageBird/MessageBird.node.js
238,消息与协作,Mocean 消息协作,(Mocean),mocean,应用操作节点,n8n-nodes-base,2.34.4,未标记隐藏,仅名称/节点类型能力参考；不复制代码、参数 Schema、文案、图标、测试或 UI,通用节点可覆盖,http_request / mcp_tool,需该服务的 API 或受信 MCP 适配器；没有专用节点与凭据契约。,按需连接器候选,已读取名称元数据,base:dist/nodes/Mocean/Mocean.node.js
239,消息与协作,MQTT 消息协作,(MQTT),mqtt,应用操作节点,n8n-nodes-base,2.34.4,未标记隐藏,仅名称/节点类型能力参考；不复制代码、参数 Schema、文案、图标、测试或 UI,通用节点可覆盖,http_request / mcp_tool,需该服务的 API 或受信 MCP 适配器；没有专用节点与凭据契约。,按需连接器候选,已读取名称元数据,base:dist/nodes/MQTT/Mqtt.node.js
240,消息与协作,MSG91 消息协作,(MSG91),msg91,应用操作节点,n8n-nodes-base,2.34.4,未标记隐藏,仅名称/节点类型能力参考；不复制代码、参数 Schema、文案、图标、测试或 UI,通用节点可覆盖,http_request / mcp_tool,需该服务的 API 或受信 MCP 适配器；没有专用节点与凭据契约。,按需连接器候选,已读取名称元数据,base:dist/nodes/Msg91/Msg91.node.js
241,消息与协作,Pushbullet 消息协作,(Pushbullet),pushbullet,应用操作节点,n8n-nodes-base,2.34.4,未标记隐藏,仅名称/节点类型能力参考；不复制代码、参数 Schema、文案、图标、测试或 UI,通用节点可覆盖,http_request / mcp_tool,需该服务的 API 或受信 MCP 适配器；没有专用节点与凭据契约。,按需连接器候选,已读取名称元数据,base:dist/nodes/Pushbullet/Pushbullet.node.js
242,消息与协作,Pushcut 消息协作,(Pushcut),pushcut,应用操作节点,n8n-nodes-base,2.34.4,未标记隐藏,仅名称/节点类型能力参考；不复制代码、参数 Schema、文案、图标、测试或 UI,通用节点可覆盖,http_request / mcp_tool,需该服务的 API 或受信 MCP 适配器；没有专用节点与凭据契约。,按需连接器候选,已读取名称元数据,base:dist/nodes/Pushcut/Pushcut.node.js
243,消息与协作,Pushover 消息协作,(Pushover),pushover,应用操作节点,n8n-nodes-base,2.34.4,未标记隐藏,仅名称/节点类型能力参考；不复制代码、参数 Schema、文案、图标、测试或 UI,通用节点可覆盖,http_request / mcp_tool,需该服务的 API 或受信 MCP 适配器；没有专用节点与凭据契约。,按需连接器候选,已读取名称元数据,base:dist/nodes/Pushover/Pushover.node.js
244,消息与协作,RabbitMQ 消息协作,(RabbitMQ),rabbitmq,应用操作节点,n8n-nodes-base,2.34.4,未标记隐藏,仅名称/节点类型能力参考；不复制代码、参数 Schema、文案、图标、测试或 UI,通用节点可覆盖,http_request / mcp_tool,需该服务的 API 或受信 MCP 适配器；没有专用节点与凭据契约。,按需连接器候选,已读取名称元数据,base:dist/nodes/RabbitMQ/RabbitMQ.node.js
245,消息与协作,RocketChat 消息协作,(RocketChat),rocketchat,应用操作节点,n8n-nodes-base,2.34.4,未标记隐藏,仅名称/节点类型能力参考；不复制代码、参数 Schema、文案、图标、测试或 UI,通用节点可覆盖,http_request / mcp_tool,需该服务的 API 或受信 MCP 适配器；没有专用节点与凭据契约。,按需连接器候选,已读取名称元数据,base:dist/nodes/Rocketchat/Rocketchat.node.js
246,消息与协作,SendGrid 消息协作,(SendGrid),sendGrid,应用操作节点,n8n-nodes-base,2.34.4,未标记隐藏,仅名称/节点类型能力参考；不复制代码、参数 Schema、文案、图标、测试或 UI,通用节点可覆盖,http_request / mcp_tool,需该服务的 API 或受信 MCP 适配器；没有专用节点与凭据契约。,按需连接器候选,已读取名称元数据,base:dist/nodes/SendGrid/SendGrid.node.js
247,消息与协作,seven 消息协作,(seven),sms77,应用操作节点,n8n-nodes-base,2.34.4,未标记隐藏,仅名称/节点类型能力参考；不复制代码、参数 Schema、文案、图标、测试或 UI,通用节点可覆盖,http_request / mcp_tool,需该服务的 API 或受信 MCP 适配器；没有专用节点与凭据契约。,按需连接器候选,已读取名称元数据,base:dist/nodes/Sms77/Sms77.node.js
248,消息与协作,Slack 消息协作,(Slack),slack,应用操作节点,n8n-nodes-base,2.34.4,未标记隐藏,仅名称/节点类型能力参考；不复制代码、参数 Schema、文案、图标、测试或 UI,通用节点可覆盖,http_request / mcp_tool,需该服务的 API 或受信 MCP 适配器；没有专用节点与凭据契约。,按需连接器候选,已读取名称元数据,base:dist/nodes/Slack/Slack.node.js
249,消息与协作,Telegram 消息协作,(Telegram),telegram,应用操作节点,n8n-nodes-base,2.34.4,未标记隐藏,仅名称/节点类型能力参考；不复制代码、参数 Schema、文案、图标、测试或 UI,通用节点可覆盖,http_request / mcp_tool,需该服务的 API 或受信 MCP 适配器；没有专用节点与凭据契约。,按需连接器候选,已读取名称元数据,base:dist/nodes/Telegram/Telegram.node.js
250,消息与协作,Twake 消息协作,(Twake),twake,应用操作节点,n8n-nodes-base,2.34.4,未标记隐藏,仅名称/节点类型能力参考；不复制代码、参数 Schema、文案、图标、测试或 UI,通用节点可覆盖,http_request / mcp_tool,需该服务的 API 或受信 MCP 适配器；没有专用节点与凭据契约。,按需连接器候选,已读取名称元数据,base:dist/nodes/Twake/Twake.node.js
251,消息与协作,Twilio 消息协作,(Twilio),twilio,应用操作节点,n8n-nodes-base,2.34.4,未标记隐藏,仅名称/节点类型能力参考；不复制代码、参数 Schema、文案、图标、测试或 UI,通用节点可覆盖,http_request / mcp_tool,需该服务的 API 或受信 MCP 适配器；没有专用节点与凭据契约。,按需连接器候选,已读取名称元数据,base:dist/nodes/Twilio/Twilio.node.js
252,消息与协作,Twist 消息协作,(Twist),twist,应用操作节点,n8n-nodes-base,2.34.4,未标记隐藏,仅名称/节点类型能力参考；不复制代码、参数 Schema、文案、图标、测试或 UI,通用节点可覆盖,http_request / mcp_tool,需该服务的 API 或受信 MCP 适配器；没有专用节点与凭据契约。,按需连接器候选,已读取名称元数据,base:dist/nodes/Twist/Twist.node.js
253,消息与协作,Vonage 消息协作,(Vonage),vonage,应用操作节点,n8n-nodes-base,2.34.4,未标记隐藏,仅名称/节点类型能力参考；不复制代码、参数 Schema、文案、图标、测试或 UI,通用节点可覆盖,http_request / mcp_tool,需该服务的 API 或受信 MCP 适配器；没有专用节点与凭据契约。,按需连接器候选,已读取名称元数据,base:dist/nodes/Vonage/Vonage.node.js
254,消息与协作,Webex by Cisco 消息协作,(Webex by Cisco),ciscoWebex,应用操作节点,n8n-nodes-base,2.34.4,未标记隐藏,仅名称/节点类型能力参考；不复制代码、参数 Schema、文案、图标、测试或 UI,通用节点可覆盖,http_request / mcp_tool,需该服务的 API 或受信 MCP 适配器；没有专用节点与凭据契约。,按需连接器候选,已读取名称元数据,base:dist/nodes/Cisco/Webex/CiscoWebex.node.js
255,消息与协作,WhatsApp Business Cloud 消息协作,(WhatsApp Business Cloud),whatsApp,应用操作节点,n8n-nodes-base,2.34.4,未标记隐藏,仅名称/节点类型能力参考；不复制代码、参数 Schema、文案、图标、测试或 UI,通用节点可覆盖,http_request / mcp_tool,需该服务的 API 或受信 MCP 适配器；没有专用节点与凭据契约。,按需连接器候选,已读取名称元数据,base:dist/nodes/WhatsApp/WhatsApp.node.js
256,消息与协作,Zulip 消息协作,(Zulip),zulip,应用操作节点,n8n-nodes-base,2.34.4,未标记隐藏,仅名称/节点类型能力参考；不复制代码、参数 Schema、文案、图标、测试或 UI,通用节点可覆盖,http_request / mcp_tool,需该服务的 API 或受信 MCP 适配器；没有专用节点与凭据契约。,按需连接器候选,已读取名称元数据,base:dist/nodes/Zulip/Zulip.node.js
257,业务应用连接,智能体消息,(Message an Agent),messageAnAgent,应用操作节点,n8n-nodes-base,2.34.4,未标记隐藏,仅名称/节点类型能力参考；不复制代码、参数 Schema、文案、图标、测试或 UI,部分实现,agent_task / agent_handoff,已有智能体任务与移交，但消息协议不同。,按需连接器候选,已读取名称元数据,base:dist/nodes/MessageAnAgent/MessageAnAgent.node.js
258,业务应用连接,Action Network 业务连接,(Action Network),actionNetwork,应用操作节点,n8n-nodes-base,2.34.4,未标记隐藏,仅名称/节点类型能力参考；不复制代码、参数 Schema、文案、图标、测试或 UI,通用节点可覆盖,http_request / mcp_tool,需该服务的 API 或受信 MCP 适配器；没有专用节点与凭据契约。,按需连接器候选,已读取名称元数据,base:dist/nodes/ActionNetwork/ActionNetwork.node.js
259,业务应用连接,ActiveCampaign 业务连接,(ActiveCampaign),activeCampaign,应用操作节点,n8n-nodes-base,2.34.4,未标记隐藏,仅名称/节点类型能力参考；不复制代码、参数 Schema、文案、图标、测试或 UI,通用节点可覆盖,http_request / mcp_tool,需该服务的 API 或受信 MCP 适配器；没有专用节点与凭据契约。,按需连接器候选,已读取名称元数据,base:dist/nodes/ActiveCampaign/ActiveCampaign.node.js
260,业务应用连接,Affinity 业务连接,(Affinity),affinity,应用操作节点,n8n-nodes-base,2.34.4,未标记隐藏,仅名称/节点类型能力参考；不复制代码、参数 Schema、文案、图标、测试或 UI,通用节点可覆盖,http_request / mcp_tool,需该服务的 API 或受信 MCP 适配器；没有专用节点与凭据契约。,按需连接器候选,已读取名称元数据,base:dist/nodes/Affinity/Affinity.node.js
261,业务应用连接,Agile CRM 业务连接,(Agile CRM),agileCrm,应用操作节点,n8n-nodes-base,2.34.4,未标记隐藏,仅名称/节点类型能力参考；不复制代码、参数 Schema、文案、图标、测试或 UI,通用节点可覆盖,http_request / mcp_tool,需该服务的 API 或受信 MCP 适配器；没有专用节点与凭据契约。,按需连接器候选,已读取名称元数据,base:dist/nodes/AgileCrm/AgileCrm.node.js
262,业务应用连接,Airtop 业务连接,(Airtop),airtop,应用操作节点,n8n-nodes-base,2.34.4,未标记隐藏,仅名称/节点类型能力参考；不复制代码、参数 Schema、文案、图标、测试或 UI,通用节点可覆盖,http_request / mcp_tool,需该服务的 API 或受信 MCP 适配器；没有专用节点与凭据契约。,按需连接器候选,已读取名称元数据,base:dist/nodes/Airtop/Airtop.node.js
263,业务应用连接,APITemplate.io 业务连接,(APITemplate.io),apiTemplateIo,应用操作节点,n8n-nodes-base,2.34.4,未标记隐藏,仅名称/节点类型能力参考；不复制代码、参数 Schema、文案、图标、测试或 UI,通用节点可覆盖,http_request / mcp_tool,需该服务的 API 或受信 MCP 适配器；没有专用节点与凭据契约。,按需连接器候选,已读取名称元数据,base:dist/nodes/ApiTemplateIo/ApiTemplateIo.node.js
264,业务应用连接,Asana 业务连接,(Asana),asana,应用操作节点,n8n-nodes-base,2.34.4,未标记隐藏,仅名称/节点类型能力参考；不复制代码、参数 Schema、文案、图标、测试或 UI,通用节点可覆盖,http_request / mcp_tool,需该服务的 API 或受信 MCP 适配器；没有专用节点与凭据契约。,按需连接器候选,已读取名称元数据,base:dist/nodes/Asana/Asana.node.js
265,业务应用连接,Autopilot 业务连接,(Autopilot),autopilot,应用操作节点,n8n-nodes-base,2.34.4,未标记隐藏,仅名称/节点类型能力参考；不复制代码、参数 Schema、文案、图标、测试或 UI,通用节点可覆盖,http_request / mcp_tool,需该服务的 API 或受信 MCP 适配器；没有专用节点与凭据契约。,按需连接器候选,已读取名称元数据,base:dist/nodes/Autopilot/Autopilot.node.js
266,业务应用连接,BambooHR 业务连接,(BambooHR),bambooHr,应用操作节点,n8n-nodes-base,2.34.4,未标记隐藏,仅名称/节点类型能力参考；不复制代码、参数 Schema、文案、图标、测试或 UI,通用节点可覆盖,http_request / mcp_tool,需该服务的 API 或受信 MCP 适配器；没有专用节点与凭据契约。,按需连接器候选,已读取名称元数据,base:dist/nodes/BambooHr/BambooHr.node.js
267,业务应用连接,Bannerbear 业务连接,(Bannerbear),bannerbear,应用操作节点,n8n-nodes-base,2.34.4,未标记隐藏,仅名称/节点类型能力参考；不复制代码、参数 Schema、文案、图标、测试或 UI,通用节点可覆盖,http_request / mcp_tool,需该服务的 API 或受信 MCP 适配器；没有专用节点与凭据契约。,按需连接器候选,已读取名称元数据,base:dist/nodes/Bannerbear/Bannerbear.node.js
268,业务应用连接,Beeminder 业务连接,(Beeminder),beeminder,应用操作节点,n8n-nodes-base,2.34.4,未标记隐藏,仅名称/节点类型能力参考；不复制代码、参数 Schema、文案、图标、测试或 UI,通用节点可覆盖,http_request / mcp_tool,需该服务的 API 或受信 MCP 适配器；没有专用节点与凭据契约。,按需连接器候选,已读取名称元数据,base:dist/nodes/Beeminder/Beeminder.node.js
269,业务应用连接,Bitly 业务连接,(Bitly),bitly,应用操作节点,n8n-nodes-base,2.34.4,未标记隐藏,仅名称/节点类型能力参考；不复制代码、参数 Schema、文案、图标、测试或 UI,通用节点可覆盖,http_request / mcp_tool,需该服务的 API 或受信 MCP 适配器；没有专用节点与凭据契约。,按需连接器候选,已读取名称元数据,base:dist/nodes/Bitly/Bitly.node.js
270,业务应用连接,Box 业务连接,(Box),box,应用操作节点,n8n-nodes-base,2.34.4,未标记隐藏,仅名称/节点类型能力参考；不复制代码、参数 Schema、文案、图标、测试或 UI,通用节点可覆盖,http_request / mcp_tool,需该服务的 API 或受信 MCP 适配器；没有专用节点与凭据契约。,按需连接器候选,已读取名称元数据,base:dist/nodes/Box/Box.node.js
271,业务应用连接,Brandfetch 业务连接,(Brandfetch),Brandfetch,应用操作节点,n8n-nodes-base,2.34.4,未标记隐藏,仅名称/节点类型能力参考；不复制代码、参数 Schema、文案、图标、测试或 UI,通用节点可覆盖,http_request / mcp_tool,需该服务的 API 或受信 MCP 适配器；没有专用节点与凭据契约。,按需连接器候选,已读取名称元数据,base:dist/nodes/Brandfetch/Brandfetch.node.js
272,业务应用连接,Brevo 业务连接,(Brevo),sendInBlue,应用操作节点,n8n-nodes-base,2.34.4,未标记隐藏,仅名称/节点类型能力参考；不复制代码、参数 Schema、文案、图标、测试或 UI,通用节点可覆盖,http_request / mcp_tool,需该服务的 API 或受信 MCP 适配器；没有专用节点与凭据契约。,按需连接器候选,已读取名称元数据,base:dist/nodes/Brevo/Brevo.node.js
273,业务应用连接,Bubble 业务连接,(Bubble),bubble,应用操作节点,n8n-nodes-base,2.34.4,未标记隐藏,仅名称/节点类型能力参考；不复制代码、参数 Schema、文案、图标、测试或 UI,通用节点可覆盖,http_request / mcp_tool,需该服务的 API 或受信 MCP 适配器；没有专用节点与凭据契约。,按需连接器候选,已读取名称元数据,base:dist/nodes/Bubble/Bubble.node.js
274,业务应用连接,Chargebee 业务连接,(Chargebee),chargebee,应用操作节点,n8n-nodes-base,2.34.4,未标记隐藏,仅名称/节点类型能力参考；不复制代码、参数 Schema、文案、图标、测试或 UI,通用节点可覆盖,http_request / mcp_tool,需该服务的 API 或受信 MCP 适配器；没有专用节点与凭据契约。,按需连接器候选,已读取名称元数据,base:dist/nodes/Chargebee/Chargebee.node.js
275,业务应用连接,ClickUp 业务连接,(ClickUp),clickUp,应用操作节点,n8n-nodes-base,2.34.4,未标记隐藏,仅名称/节点类型能力参考；不复制代码、参数 Schema、文案、图标、测试或 UI,通用节点可覆盖,http_request / mcp_tool,需该服务的 API 或受信 MCP 适配器；没有专用节点与凭据契约。,按需连接器候选,已读取名称元数据,base:dist/nodes/ClickUp/ClickUp.node.js
276,业务应用连接,Clockify 业务连接,(Clockify),clockify,应用操作节点,n8n-nodes-base,2.34.4,未标记隐藏,仅名称/节点类型能力参考；不复制代码、参数 Schema、文案、图标、测试或 UI,通用节点可覆盖,http_request / mcp_tool,需该服务的 API 或受信 MCP 适配器；没有专用节点与凭据契约。,按需连接器候选,已读取名称元数据,base:dist/nodes/Clockify/Clockify.node.js
277,业务应用连接,CoinGecko 业务连接,(CoinGecko),coinGecko,应用操作节点,n8n-nodes-base,2.34.4,未标记隐藏,仅名称/节点类型能力参考；不复制代码、参数 Schema、文案、图标、测试或 UI,通用节点可覆盖,http_request / mcp_tool,需该服务的 API 或受信 MCP 适配器；没有专用节点与凭据契约。,按需连接器候选,已读取名称元数据,base:dist/nodes/CoinGecko/CoinGecko.node.js
278,业务应用连接,Copper 业务连接,(Copper),copper,应用操作节点,n8n-nodes-base,2.34.4,未标记隐藏,仅名称/节点类型能力参考；不复制代码、参数 Schema、文案、图标、测试或 UI,通用节点可覆盖,http_request / mcp_tool,需该服务的 API 或受信 MCP 适配器；没有专用节点与凭据契约。,按需连接器候选,已读取名称元数据,base:dist/nodes/Copper/Copper.node.js
279,业务应用连接,Currents 业务连接,(Currents),currents,应用操作节点,n8n-nodes-base,2.34.4,未标记隐藏,仅名称/节点类型能力参考；不复制代码、参数 Schema、文案、图标、测试或 UI,通用节点可覆盖,http_request / mcp_tool,需该服务的 API 或受信 MCP 适配器；没有专用节点与凭据契约。,按需连接器候选,已读取名称元数据,base:dist/nodes/Currents/Currents.node.js
280,业务应用连接,Customer.io 业务连接,(Customer.io),customerIo,应用操作节点,n8n-nodes-base,2.34.4,未标记隐藏,仅名称/节点类型能力参考；不复制代码、参数 Schema、文案、图标、测试或 UI,通用节点可覆盖,http_request / mcp_tool,需该服务的 API 或受信 MCP 适配器；没有专用节点与凭据契约。,按需连接器候选,已读取名称元数据,base:dist/nodes/CustomerIo/CustomerIo.node.js
281,业务应用连接,Demio 业务连接,(Demio),demio,应用操作节点,n8n-nodes-base,2.34.4,未标记隐藏,仅名称/节点类型能力参考；不复制代码、参数 Schema、文案、图标、测试或 UI,通用节点可覆盖,http_request / mcp_tool,需该服务的 API 或受信 MCP 适配器；没有专用节点与凭据契约。,按需连接器候选,已读取名称元数据,base:dist/nodes/Demio/Demio.node.js
282,业务应用连接,DHL 业务连接,(DHL),dhl,应用操作节点,n8n-nodes-base,2.34.4,未标记隐藏,仅名称/节点类型能力参考；不复制代码、参数 Schema、文案、图标、测试或 UI,通用节点可覆盖,http_request / mcp_tool,需该服务的 API 或受信 MCP 适配器；没有专用节点与凭据契约。,按需连接器候选,已读取名称元数据,base:dist/nodes/Dhl/Dhl.node.js
283,业务应用连接,Discourse 业务连接,(Discourse),discourse,应用操作节点,n8n-nodes-base,2.34.4,未标记隐藏,仅名称/节点类型能力参考；不复制代码、参数 Schema、文案、图标、测试或 UI,通用节点可覆盖,http_request / mcp_tool,需该服务的 API 或受信 MCP 适配器；没有专用节点与凭据契约。,按需连接器候选,已读取名称元数据,base:dist/nodes/Discourse/Discourse.node.js
284,业务应用连接,Disqus 业务连接,(Disqus),disqus,应用操作节点,n8n-nodes-base,2.34.4,未标记隐藏,仅名称/节点类型能力参考；不复制代码、参数 Schema、文案、图标、测试或 UI,通用节点可覆盖,http_request / mcp_tool,需该服务的 API 或受信 MCP 适配器；没有专用节点与凭据契约。,按需连接器候选,已读取名称元数据,base:dist/nodes/Disqus/Disqus.node.js
285,业务应用连接,E-goi 业务连接,(E-goi),egoi,应用操作节点,n8n-nodes-base,2.34.4,未标记隐藏,仅名称/节点类型能力参考；不复制代码、参数 Schema、文案、图标、测试或 UI,通用节点可覆盖,http_request / mcp_tool,需该服务的 API 或受信 MCP 适配器；没有专用节点与凭据契约。,按需连接器候选,已读取名称元数据,base:dist/nodes/Egoi/Egoi.node.js
286,业务应用连接,Emelia 业务连接,(Emelia),emelia,应用操作节点,n8n-nodes-base,2.34.4,未标记隐藏,仅名称/节点类型能力参考；不复制代码、参数 Schema、文案、图标、测试或 UI,通用节点可覆盖,http_request / mcp_tool,需该服务的 API 或受信 MCP 适配器；没有专用节点与凭据契约。,按需连接器候选,已读取名称元数据,base:dist/nodes/Emelia/Emelia.node.js
287,业务应用连接,ERPNext 业务连接,(ERPNext),erpNext,应用操作节点,n8n-nodes-base,2.34.4,未标记隐藏,仅名称/节点类型能力参考；不复制代码、参数 Schema、文案、图标、测试或 UI,通用节点可覆盖,http_request / mcp_tool,需该服务的 API 或受信 MCP 适配器；没有专用节点与凭据契约。,按需连接器候选,已读取名称元数据,base:dist/nodes/ERPNext/ERPNext.node.js
288,业务应用连接,Facebook Graph API 业务连接,(Facebook Graph API),facebookGraphApi,应用操作节点,n8n-nodes-base,2.34.4,未标记隐藏,仅名称/节点类型能力参考；不复制代码、参数 Schema、文案、图标、测试或 UI,通用节点可覆盖,http_request / mcp_tool,需该服务的 API 或受信 MCP 适配器；没有专用节点与凭据契约。,按需连接器候选,已读取名称元数据,base:dist/nodes/Facebook/FacebookGraphApi.node.js
289,业务应用连接,Freshdesk 业务连接,(Freshdesk),freshdesk,应用操作节点,n8n-nodes-base,2.34.4,未标记隐藏,仅名称/节点类型能力参考；不复制代码、参数 Schema、文案、图标、测试或 UI,通用节点可覆盖,http_request / mcp_tool,需该服务的 API 或受信 MCP 适配器；没有专用节点与凭据契约。,按需连接器候选,已读取名称元数据,base:dist/nodes/Freshdesk/Freshdesk.node.js
290,业务应用连接,Freshservice 业务连接,(Freshservice),freshservice,应用操作节点,n8n-nodes-base,2.34.4,未标记隐藏,仅名称/节点类型能力参考；不复制代码、参数 Schema、文案、图标、测试或 UI,通用节点可覆盖,http_request / mcp_tool,需该服务的 API 或受信 MCP 适配器；没有专用节点与凭据契约。,按需连接器候选,已读取名称元数据,base:dist/nodes/Freshservice/Freshservice.node.js
291,业务应用连接,Freshworks CRM 业务连接,(Freshworks CRM),freshworksCrm,应用操作节点,n8n-nodes-base,2.34.4,未标记隐藏,仅名称/节点类型能力参考；不复制代码、参数 Schema、文案、图标、测试或 UI,通用节点可覆盖,http_request / mcp_tool,需该服务的 API 或受信 MCP 适配器；没有专用节点与凭据契约。,按需连接器候选,已读取名称元数据,base:dist/nodes/FreshworksCrm/FreshworksCrm.node.js
292,业务应用连接,GetResponse 业务连接,(GetResponse),getResponse,应用操作节点,n8n-nodes-base,2.34.4,未标记隐藏,仅名称/节点类型能力参考；不复制代码、参数 Schema、文案、图标、测试或 UI,通用节点可覆盖,http_request / mcp_tool,需该服务的 API 或受信 MCP 适配器；没有专用节点与凭据契约。,按需连接器候选,已读取名称元数据,base:dist/nodes/GetResponse/GetResponse.node.js
293,业务应用连接,Ghost 业务连接,(Ghost),ghost,应用操作节点,n8n-nodes-base,2.34.4,未标记隐藏,仅名称/节点类型能力参考；不复制代码、参数 Schema、文案、图标、测试或 UI,通用节点可覆盖,http_request / mcp_tool,需该服务的 API 或受信 MCP 适配器；没有专用节点与凭据契约。,按需连接器候选,已读取名称元数据,base:dist/nodes/Ghost/Ghost.node.js
294,业务应用连接,Gong 业务连接,(Gong),gong,应用操作节点,n8n-nodes-base,2.34.4,未标记隐藏,仅名称/节点类型能力参考；不复制代码、参数 Schema、文案、图标、测试或 UI,通用节点可覆盖,http_request / mcp_tool,需该服务的 API 或受信 MCP 适配器；没有专用节点与凭据契约。,按需连接器候选,已读取名称元数据,base:dist/nodes/Gong/Gong.node.js
295,业务应用连接,GoToWebinar 业务连接,(GoToWebinar),goToWebinar,应用操作节点,n8n-nodes-base,2.34.4,未标记隐藏,仅名称/节点类型能力参考；不复制代码、参数 Schema、文案、图标、测试或 UI,通用节点可覆盖,http_request / mcp_tool,需该服务的 API 或受信 MCP 适配器；没有专用节点与凭据契约。,按需连接器候选,已读取名称元数据,base:dist/nodes/GoToWebinar/GoToWebinar.node.js
296,业务应用连接,Hacker News 业务连接,(Hacker News),hackerNews,应用操作节点,n8n-nodes-base,2.34.4,未标记隐藏,仅名称/节点类型能力参考；不复制代码、参数 Schema、文案、图标、测试或 UI,通用节点可覆盖,http_request / mcp_tool,需该服务的 API 或受信 MCP 适配器；没有专用节点与凭据契约。,按需连接器候选,已读取名称元数据,base:dist/nodes/HackerNews/HackerNews.node.js
297,业务应用连接,HaloPSA 业务连接,(HaloPSA),haloPSA,应用操作节点,n8n-nodes-base,2.34.4,未标记隐藏,仅名称/节点类型能力参考；不复制代码、参数 Schema、文案、图标、测试或 UI,通用节点可覆盖,http_request / mcp_tool,需该服务的 API 或受信 MCP 适配器；没有专用节点与凭据契约。,按需连接器候选,已读取名称元数据,base:dist/nodes/HaloPSA/HaloPSA.node.js
298,业务应用连接,Harvest 业务连接,(Harvest),harvest,应用操作节点,n8n-nodes-base,2.34.4,未标记隐藏,仅名称/节点类型能力参考；不复制代码、参数 Schema、文案、图标、测试或 UI,通用节点可覆盖,http_request / mcp_tool,需该服务的 API 或受信 MCP 适配器；没有专用节点与凭据契约。,按需连接器候选,已读取名称元数据,base:dist/nodes/Harvest/Harvest.node.js
299,业务应用连接,Help Scout 业务连接,(Help Scout),helpScout,应用操作节点,n8n-nodes-base,2.34.4,未标记隐藏,仅名称/节点类型能力参考；不复制代码、参数 Schema、文案、图标、测试或 UI,通用节点可覆盖,http_request / mcp_tool,需该服务的 API 或受信 MCP 适配器；没有专用节点与凭据契约。,按需连接器候选,已读取名称元数据,base:dist/nodes/HelpScout/HelpScout.node.js
300,业务应用连接,HighLevel 业务连接,(HighLevel),highLevel,应用操作节点,n8n-nodes-base,2.34.4,未标记隐藏,仅名称/节点类型能力参考；不复制代码、参数 Schema、文案、图标、测试或 UI,通用节点可覆盖,http_request / mcp_tool,需该服务的 API 或受信 MCP 适配器；没有专用节点与凭据契约。,按需连接器候选,已读取名称元数据,base:dist/nodes/HighLevel/HighLevel.node.js
301,业务应用连接,Home Assistant 业务连接,(Home Assistant),homeAssistant,应用操作节点,n8n-nodes-base,2.34.4,未标记隐藏,仅名称/节点类型能力参考；不复制代码、参数 Schema、文案、图标、测试或 UI,通用节点可覆盖,http_request / mcp_tool,需该服务的 API 或受信 MCP 适配器；没有专用节点与凭据契约。,按需连接器候选,已读取名称元数据,base:dist/nodes/HomeAssistant/HomeAssistant.node.js
302,业务应用连接,HubSpot 业务连接,(HubSpot),hubspot,应用操作节点,n8n-nodes-base,2.34.4,未标记隐藏,仅名称/节点类型能力参考；不复制代码、参数 Schema、文案、图标、测试或 UI,通用节点可覆盖,http_request / mcp_tool,需该服务的 API 或受信 MCP 适配器；没有专用节点与凭据契约。,按需连接器候选,已读取名称元数据,base:dist/nodes/Hubspot/Hubspot.node.js
303,业务应用连接,Intercom 业务连接,(Intercom),intercom,应用操作节点,n8n-nodes-base,2.34.4,未标记隐藏,仅名称/节点类型能力参考；不复制代码、参数 Schema、文案、图标、测试或 UI,通用节点可覆盖,http_request / mcp_tool,需该服务的 API 或受信 MCP 适配器；没有专用节点与凭据契约。,按需连接器候选,已读取名称元数据,base:dist/nodes/Intercom/Intercom.node.js
304,业务应用连接,Invoice Ninja 业务连接,(Invoice Ninja),invoiceNinja,应用操作节点,n8n-nodes-base,2.34.4,未标记隐藏,仅名称/节点类型能力参考；不复制代码、参数 Schema、文案、图标、测试或 UI,通用节点可覆盖,http_request / mcp_tool,需该服务的 API 或受信 MCP 适配器；没有专用节点与凭据契约。,按需连接器候选,已读取名称元数据,base:dist/nodes/InvoiceNinja/InvoiceNinja.node.js
305,业务应用连接,Iterable 业务连接,(Iterable),iterable,应用操作节点,n8n-nodes-base,2.34.4,未标记隐藏,仅名称/节点类型能力参考；不复制代码、参数 Schema、文案、图标、测试或 UI,通用节点可覆盖,http_request / mcp_tool,需该服务的 API 或受信 MCP 适配器；没有专用节点与凭据契约。,按需连接器候选,已读取名称元数据,base:dist/nodes/Iterable/Iterable.node.js
306,业务应用连接,Jira Software 业务连接,(Jira Software),jira,应用操作节点,n8n-nodes-base,2.34.4,未标记隐藏,仅名称/节点类型能力参考；不复制代码、参数 Schema、文案、图标、测试或 UI,通用节点可覆盖,http_request / mcp_tool,需该服务的 API 或受信 MCP 适配器；没有专用节点与凭据契约。,按需连接器候选,已读取名称元数据,base:dist/nodes/Jira/Jira.node.js
307,业务应用连接,Keap 业务连接,(Keap),keap,应用操作节点,n8n-nodes-base,2.34.4,未标记隐藏,仅名称/节点类型能力参考；不复制代码、参数 Schema、文案、图标、测试或 UI,通用节点可覆盖,http_request / mcp_tool,需该服务的 API 或受信 MCP 适配器；没有专用节点与凭据契约。,按需连接器候选,已读取名称元数据,base:dist/nodes/Keap/Keap.node.js
308,业务应用连接,KoBoToolbox 业务连接,(KoBoToolbox),koBoToolbox,应用操作节点,n8n-nodes-base,2.34.4,未标记隐藏,仅名称/节点类型能力参考；不复制代码、参数 Schema、文案、图标、测试或 UI,通用节点可覆盖,http_request / mcp_tool,需该服务的 API 或受信 MCP 适配器；没有专用节点与凭据契约。,按需连接器候选,已读取名称元数据,base:dist/nodes/KoBoToolbox/KoBoToolbox.node.js
309,业务应用连接,Lemlist 业务连接,(Lemlist),lemlist,应用操作节点,n8n-nodes-base,2.34.4,未标记隐藏,仅名称/节点类型能力参考；不复制代码、参数 Schema、文案、图标、测试或 UI,通用节点可覆盖,http_request / mcp_tool,需该服务的 API 或受信 MCP 适配器；没有专用节点与凭据契约。,按需连接器候选,已读取名称元数据,base:dist/nodes/Lemlist/Lemlist.node.js
310,业务应用连接,Linear 业务连接,(Linear),linear,应用操作节点,n8n-nodes-base,2.34.4,未标记隐藏,仅名称/节点类型能力参考；不复制代码、参数 Schema、文案、图标、测试或 UI,通用节点可覆盖,http_request / mcp_tool,需该服务的 API 或受信 MCP 适配器；没有专用节点与凭据契约。,按需连接器候选,已读取名称元数据,base:dist/nodes/Linear/Linear.node.js
311,业务应用连接,LinkedIn 业务连接,(LinkedIn),linkedIn,应用操作节点,n8n-nodes-base,2.34.4,未标记隐藏,仅名称/节点类型能力参考；不复制代码、参数 Schema、文案、图标、测试或 UI,通用节点可覆盖,http_request / mcp_tool,需该服务的 API 或受信 MCP 适配器；没有专用节点与凭据契约。,按需连接器候选,已读取名称元数据,base:dist/nodes/LinkedIn/LinkedIn.node.js
312,业务应用连接,LoneScale 业务连接,(LoneScale),loneScale,应用操作节点,n8n-nodes-base,2.34.4,未标记隐藏,仅名称/节点类型能力参考；不复制代码、参数 Schema、文案、图标、测试或 UI,通用节点可覆盖,http_request / mcp_tool,需该服务的 API 或受信 MCP 适配器；没有专用节点与凭据契约。,按需连接器候选,已读取名称元数据,base:dist/nodes/LoneScale/LoneScale.node.js
313,业务应用连接,Magento 2 业务连接,(Magento 2),magento2,应用操作节点,n8n-nodes-base,2.34.4,未标记隐藏,仅名称/节点类型能力参考；不复制代码、参数 Schema、文案、图标、测试或 UI,通用节点可覆盖,http_request / mcp_tool,需该服务的 API 或受信 MCP 适配器；没有专用节点与凭据契约。,按需连接器候选,已读取名称元数据,base:dist/nodes/Magento/Magento2.node.js
314,业务应用连接,Mailchimp 业务连接,(Mailchimp),mailchimp,应用操作节点,n8n-nodes-base,2.34.4,未标记隐藏,仅名称/节点类型能力参考；不复制代码、参数 Schema、文案、图标、测试或 UI,通用节点可覆盖,http_request / mcp_tool,需该服务的 API 或受信 MCP 适配器；没有专用节点与凭据契约。,按需连接器候选,已读取名称元数据,base:dist/nodes/Mailchimp/Mailchimp.node.js
315,业务应用连接,MailerLite 业务连接,(MailerLite),mailerLite,应用操作节点,n8n-nodes-base,2.34.4,未标记隐藏,仅名称/节点类型能力参考；不复制代码、参数 Schema、文案、图标、测试或 UI,通用节点可覆盖,http_request / mcp_tool,需该服务的 API 或受信 MCP 适配器；没有专用节点与凭据契约。,按需连接器候选,已读取名称元数据,base:dist/nodes/MailerLite/MailerLite.node.js
316,业务应用连接,Marketstack 业务连接,(Marketstack),marketstack,应用操作节点,n8n-nodes-base,2.34.4,未标记隐藏,仅名称/节点类型能力参考；不复制代码、参数 Schema、文案、图标、测试或 UI,通用节点可覆盖,http_request / mcp_tool,需该服务的 API 或受信 MCP 适配器；没有专用节点与凭据契约。,按需连接器候选,已读取名称元数据,base:dist/nodes/Marketstack/Marketstack.node.js
317,业务应用连接,Mautic 业务连接,(Mautic),mautic,应用操作节点,n8n-nodes-base,2.34.4,未标记隐藏,仅名称/节点类型能力参考；不复制代码、参数 Schema、文案、图标、测试或 UI,通用节点可覆盖,http_request / mcp_tool,需该服务的 API 或受信 MCP 适配器；没有专用节点与凭据契约。,按需连接器候选,已读取名称元数据,base:dist/nodes/Mautic/Mautic.node.js
318,业务应用连接,Medium 业务连接,(Medium),medium,应用操作节点,n8n-nodes-base,2.34.4,未标记隐藏,仅名称/节点类型能力参考；不复制代码、参数 Schema、文案、图标、测试或 UI,通用节点可覆盖,http_request / mcp_tool,需该服务的 API 或受信 MCP 适配器；没有专用节点与凭据契约。,按需连接器候选,已读取名称元数据,base:dist/nodes/Medium/Medium.node.js
319,业务应用连接,Metabase 业务连接,(Metabase),metabase,应用操作节点,n8n-nodes-base,2.34.4,未标记隐藏,仅名称/节点类型能力参考；不复制代码、参数 Schema、文案、图标、测试或 UI,通用节点可覆盖,http_request / mcp_tool,需该服务的 API 或受信 MCP 适配器；没有专用节点与凭据契约。,按需连接器候选,已读取名称元数据,base:dist/nodes/Metabase/Metabase.node.js
320,业务应用连接,Monday.com 业务连接,(Monday.com),mondayCom,应用操作节点,n8n-nodes-base,2.34.4,未标记隐藏,仅名称/节点类型能力参考；不复制代码、参数 Schema、文案、图标、测试或 UI,通用节点可覆盖,http_request / mcp_tool,需该服务的 API 或受信 MCP 适配器；没有专用节点与凭据契约。,按需连接器候选,已读取名称元数据,base:dist/nodes/MondayCom/MondayCom.node.js
321,业务应用连接,Monica CRM 业务连接,(Monica CRM),monicaCrm,应用操作节点,n8n-nodes-base,2.34.4,未标记隐藏,仅名称/节点类型能力参考；不复制代码、参数 Schema、文案、图标、测试或 UI,通用节点可覆盖,http_request / mcp_tool,需该服务的 API 或受信 MCP 适配器；没有专用节点与凭据契约。,按需连接器候选,已读取名称元数据,base:dist/nodes/MonicaCrm/MonicaCrm.node.js
322,业务应用连接,NASA 业务连接,(NASA),nasa,应用操作节点,n8n-nodes-base,2.34.4,未标记隐藏,仅名称/节点类型能力参考；不复制代码、参数 Schema、文案、图标、测试或 UI,通用节点可覆盖,http_request / mcp_tool,需该服务的 API 或受信 MCP 适配器；没有专用节点与凭据契约。,按需连接器候选,已读取名称元数据,base:dist/nodes/Nasa/Nasa.node.js
323,业务应用连接,Notion 业务连接,(Notion),notion,应用操作节点,n8n-nodes-base,2.34.4,未标记隐藏,仅名称/节点类型能力参考；不复制代码、参数 Schema、文案、图标、测试或 UI,通用节点可覆盖,http_request / mcp_tool,需该服务的 API 或受信 MCP 适配器；没有专用节点与凭据契约。,按需连接器候选,已读取名称元数据,base:dist/nodes/Notion/Notion.node.js
324,业务应用连接,Odoo 业务连接,(Odoo),odoo,应用操作节点,n8n-nodes-base,2.34.4,未标记隐藏,仅名称/节点类型能力参考；不复制代码、参数 Schema、文案、图标、测试或 UI,通用节点可覆盖,http_request / mcp_tool,需该服务的 API 或受信 MCP 适配器；没有专用节点与凭据契约。,按需连接器候选,已读取名称元数据,base:dist/nodes/Odoo/Odoo.node.js
325,业务应用连接,One Simple API 业务连接,(One Simple API),oneSimpleApi,应用操作节点,n8n-nodes-base,2.34.4,未标记隐藏,仅名称/节点类型能力参考；不复制代码、参数 Schema、文案、图标、测试或 UI,通用节点可覆盖,http_request / mcp_tool,需该服务的 API 或受信 MCP 适配器；没有专用节点与凭据契约。,按需连接器候选,已读取名称元数据,base:dist/nodes/OneSimpleApi/OneSimpleApi.node.js
326,业务应用连接,Onfleet 业务连接,(Onfleet),onfleet,应用操作节点,n8n-nodes-base,2.34.4,未标记隐藏,仅名称/节点类型能力参考；不复制代码、参数 Schema、文案、图标、测试或 UI,通用节点可覆盖,http_request / mcp_tool,需该服务的 API 或受信 MCP 适配器；没有专用节点与凭据契约。,按需连接器候选,已读取名称元数据,base:dist/nodes/Onfleet/Onfleet.node.js
327,业务应用连接,OpenWeatherMap 业务连接,(OpenWeatherMap),openWeatherMap,应用操作节点,n8n-nodes-base,2.34.4,未标记隐藏,仅名称/节点类型能力参考；不复制代码、参数 Schema、文案、图标、测试或 UI,通用节点可覆盖,http_request / mcp_tool,需该服务的 API 或受信 MCP 适配器；没有专用节点与凭据契约。,按需连接器候选,已读取名称元数据,base:dist/nodes/OpenWeatherMap/OpenWeatherMap.node.js
328,业务应用连接,Orbit 业务连接,(Orbit),orbit,应用操作节点,n8n-nodes-base,2.34.4,隐藏,仅名称/节点类型能力参考；不复制代码、参数 Schema、文案、图标、测试或 UI,未实现,—,隐藏、遗留或测试条目不视为模镜现有能力。,合并或排除隐藏/遗留条目,已读取名称元数据,base:dist/nodes/Orbit/Orbit.node.js
329,业务应用连接,Oura 业务连接,(Oura),oura,应用操作节点,n8n-nodes-base,2.34.4,未标记隐藏,仅名称/节点类型能力参考；不复制代码、参数 Schema、文案、图标、测试或 UI,通用节点可覆盖,http_request / mcp_tool,需该服务的 API 或受信 MCP 适配器；没有专用节点与凭据契约。,按需连接器候选,已读取名称元数据,base:dist/nodes/Oura/Oura.node.js
330,业务应用连接,Paddle 业务连接,(Paddle),paddle,应用操作节点,n8n-nodes-base,2.34.4,未标记隐藏,仅名称/节点类型能力参考；不复制代码、参数 Schema、文案、图标、测试或 UI,通用节点可覆盖,http_request / mcp_tool,需该服务的 API 或受信 MCP 适配器；没有专用节点与凭据契约。,按需连接器候选,已读取名称元数据,base:dist/nodes/Paddle/Paddle.node.js
331,业务应用连接,PagerDuty 业务连接,(PagerDuty),pagerDuty,应用操作节点,n8n-nodes-base,2.34.4,未标记隐藏,仅名称/节点类型能力参考；不复制代码、参数 Schema、文案、图标、测试或 UI,通用节点可覆盖,http_request / mcp_tool,需该服务的 API 或受信 MCP 适配器；没有专用节点与凭据契约。,按需连接器候选,已读取名称元数据,base:dist/nodes/PagerDuty/PagerDuty.node.js
332,业务应用连接,PayPal 业务连接,(PayPal),payPal,应用操作节点,n8n-nodes-base,2.34.4,未标记隐藏,仅名称/节点类型能力参考；不复制代码、参数 Schema、文案、图标、测试或 UI,通用节点可覆盖,http_request / mcp_tool,需该服务的 API 或受信 MCP 适配器；没有专用节点与凭据契约。,按需连接器候选,已读取名称元数据,base:dist/nodes/PayPal/PayPal.node.js
333,业务应用连接,Phantombuster 业务连接,(Phantombuster),phantombuster,应用操作节点,n8n-nodes-base,2.34.4,未标记隐藏,仅名称/节点类型能力参考；不复制代码、参数 Schema、文案、图标、测试或 UI,通用节点可覆盖,http_request / mcp_tool,需该服务的 API 或受信 MCP 适配器；没有专用节点与凭据契约。,按需连接器候选,已读取名称元数据,base:dist/nodes/Phantombuster/Phantombuster.node.js
334,业务应用连接,Philips Hue 业务连接,(Philips Hue),philipsHue,应用操作节点,n8n-nodes-base,2.34.4,未标记隐藏,仅名称/节点类型能力参考；不复制代码、参数 Schema、文案、图标、测试或 UI,通用节点可覆盖,http_request / mcp_tool,需该服务的 API 或受信 MCP 适配器；没有专用节点与凭据契约。,按需连接器候选,已读取名称元数据,base:dist/nodes/PhilipsHue/PhilipsHue.node.js
335,业务应用连接,Pipedrive 业务连接,(Pipedrive),pipedrive,应用操作节点,n8n-nodes-base,2.34.4,未标记隐藏,仅名称/节点类型能力参考；不复制代码、参数 Schema、文案、图标、测试或 UI,通用节点可覆盖,http_request / mcp_tool,需该服务的 API 或受信 MCP 适配器；没有专用节点与凭据契约。,按需连接器候选,已读取名称元数据,base:dist/nodes/Pipedrive/Pipedrive.node.js
336,业务应用连接,Plivo 业务连接,(Plivo),plivo,应用操作节点,n8n-nodes-base,2.34.4,未标记隐藏,仅名称/节点类型能力参考；不复制代码、参数 Schema、文案、图标、测试或 UI,通用节点可覆盖,http_request / mcp_tool,需该服务的 API 或受信 MCP 适配器；没有专用节点与凭据契约。,按需连接器候选,已读取名称元数据,base:dist/nodes/Plivo/Plivo.node.js
337,业务应用连接,PostHog 业务连接,(PostHog),postHog,应用操作节点,n8n-nodes-base,2.34.4,未标记隐藏,仅名称/节点类型能力参考；不复制代码、参数 Schema、文案、图标、测试或 UI,通用节点可覆盖,http_request / mcp_tool,需该服务的 API 或受信 MCP 适配器；没有专用节点与凭据契约。,按需连接器候选,已读取名称元数据,base:dist/nodes/PostHog/PostHog.node.js
338,业务应用连接,ProfitWell 业务连接,(ProfitWell),profitWell,应用操作节点,n8n-nodes-base,2.34.4,未标记隐藏,仅名称/节点类型能力参考；不复制代码、参数 Schema、文案、图标、测试或 UI,通用节点可覆盖,http_request / mcp_tool,需该服务的 API 或受信 MCP 适配器；没有专用节点与凭据契约。,按需连接器候选,已读取名称元数据,base:dist/nodes/ProfitWell/ProfitWell.node.js
339,业务应用连接,QuickBooks Online 业务连接,(QuickBooks Online),quickbooks,应用操作节点,n8n-nodes-base,2.34.4,未标记隐藏,仅名称/节点类型能力参考；不复制代码、参数 Schema、文案、图标、测试或 UI,通用节点可覆盖,http_request / mcp_tool,需该服务的 API 或受信 MCP 适配器；没有专用节点与凭据契约。,按需连接器候选,已读取名称元数据,base:dist/nodes/QuickBooks/QuickBooks.node.js
340,业务应用连接,QuickChart 业务连接,(QuickChart),quickChart,应用操作节点,n8n-nodes-base,2.34.4,未标记隐藏,仅名称/节点类型能力参考；不复制代码、参数 Schema、文案、图标、测试或 UI,通用节点可覆盖,http_request / mcp_tool,需该服务的 API 或受信 MCP 适配器；没有专用节点与凭据契约。,按需连接器候选,已读取名称元数据,base:dist/nodes/QuickChart/QuickChart.node.js
341,业务应用连接,Raindrop 业务连接,(Raindrop),raindrop,应用操作节点,n8n-nodes-base,2.34.4,未标记隐藏,仅名称/节点类型能力参考；不复制代码、参数 Schema、文案、图标、测试或 UI,通用节点可覆盖,http_request / mcp_tool,需该服务的 API 或受信 MCP 适配器；没有专用节点与凭据契约。,按需连接器候选,已读取名称元数据,base:dist/nodes/Raindrop/Raindrop.node.js
342,业务应用连接,Reddit 业务连接,(Reddit),reddit,应用操作节点,n8n-nodes-base,2.34.4,未标记隐藏,仅名称/节点类型能力参考；不复制代码、参数 Schema、文案、图标、测试或 UI,通用节点可覆盖,http_request / mcp_tool,需该服务的 API 或受信 MCP 适配器；没有专用节点与凭据契约。,按需连接器候选,已读取名称元数据,base:dist/nodes/Reddit/Reddit.node.js
343,业务应用连接,Salesforce 业务连接,(Salesforce),salesforce,应用操作节点,n8n-nodes-base,2.34.4,未标记隐藏,仅名称/节点类型能力参考；不复制代码、参数 Schema、文案、图标、测试或 UI,通用节点可覆盖,http_request / mcp_tool,需该服务的 API 或受信 MCP 适配器；没有专用节点与凭据契约。,按需连接器候选,已读取名称元数据,base:dist/nodes/Salesforce/Salesforce.node.js
344,业务应用连接,Salesmate 业务连接,(Salesmate),salesmate,应用操作节点,n8n-nodes-base,2.34.4,未标记隐藏,仅名称/节点类型能力参考；不复制代码、参数 Schema、文案、图标、测试或 UI,通用节点可覆盖,http_request / mcp_tool,需该服务的 API 或受信 MCP 适配器；没有专用节点与凭据契约。,按需连接器候选,已读取名称元数据,base:dist/nodes/Salesmate/Salesmate.node.js
345,业务应用连接,Segment 业务连接,(Segment),segment,应用操作节点,n8n-nodes-base,2.34.4,未标记隐藏,仅名称/节点类型能力参考；不复制代码、参数 Schema、文案、图标、测试或 UI,通用节点可覆盖,http_request / mcp_tool,需该服务的 API 或受信 MCP 适配器；没有专用节点与凭据契约。,按需连接器候选,已读取名称元数据,base:dist/nodes/Segment/Segment.node.js
346,业务应用连接,Sendy 业务连接,(Sendy),sendy,应用操作节点,n8n-nodes-base,2.34.4,未标记隐藏,仅名称/节点类型能力参考；不复制代码、参数 Schema、文案、图标、测试或 UI,通用节点可覆盖,http_request / mcp_tool,需该服务的 API 或受信 MCP 适配器；没有专用节点与凭据契约。,按需连接器候选,已读取名称元数据,base:dist/nodes/Sendy/Sendy.node.js
347,业务应用连接,ServiceNow 业务连接,(ServiceNow),serviceNow,应用操作节点,n8n-nodes-base,2.34.4,未标记隐藏,仅名称/节点类型能力参考；不复制代码、参数 Schema、文案、图标、测试或 UI,通用节点可覆盖,http_request / mcp_tool,需该服务的 API 或受信 MCP 适配器；没有专用节点与凭据契约。,按需连接器候选,已读取名称元数据,base:dist/nodes/ServiceNow/ServiceNow.node.js
348,业务应用连接,Shopify 业务连接,(Shopify),shopify,应用操作节点,n8n-nodes-base,2.34.4,未标记隐藏,仅名称/节点类型能力参考；不复制代码、参数 Schema、文案、图标、测试或 UI,通用节点可覆盖,http_request / mcp_tool,需该服务的 API 或受信 MCP 适配器；没有专用节点与凭据契约。,按需连接器候选,已读取名称元数据,base:dist/nodes/Shopify/Shopify.node.js
349,业务应用连接,SIGNL4 业务连接,(SIGNL4),signl4,应用操作节点,n8n-nodes-base,2.34.4,未标记隐藏,仅名称/节点类型能力参考；不复制代码、参数 Schema、文案、图标、测试或 UI,通用节点可覆盖,http_request / mcp_tool,需该服务的 API 或受信 MCP 适配器；没有专用节点与凭据契约。,按需连接器候选,已读取名称元数据,base:dist/nodes/Signl4/Signl4.node.js
350,业务应用连接,Spotify 业务连接,(Spotify),spotify,应用操作节点,n8n-nodes-base,2.34.4,未标记隐藏,仅名称/节点类型能力参考；不复制代码、参数 Schema、文案、图标、测试或 UI,通用节点可覆盖,http_request / mcp_tool,需该服务的 API 或受信 MCP 适配器；没有专用节点与凭据契约。,按需连接器候选,已读取名称元数据,base:dist/nodes/Spotify/Spotify.node.js
351,业务应用连接,Storyblok 业务连接,(Storyblok),storyblok,应用操作节点,n8n-nodes-base,2.34.4,未标记隐藏,仅名称/节点类型能力参考；不复制代码、参数 Schema、文案、图标、测试或 UI,通用节点可覆盖,http_request / mcp_tool,需该服务的 API 或受信 MCP 适配器；没有专用节点与凭据契约。,按需连接器候选,已读取名称元数据,base:dist/nodes/Storyblok/Storyblok.node.js
352,业务应用连接,Strapi 业务连接,(Strapi),strapi,应用操作节点,n8n-nodes-base,2.34.4,未标记隐藏,仅名称/节点类型能力参考；不复制代码、参数 Schema、文案、图标、测试或 UI,通用节点可覆盖,http_request / mcp_tool,需该服务的 API 或受信 MCP 适配器；没有专用节点与凭据契约。,按需连接器候选,已读取名称元数据,base:dist/nodes/Strapi/Strapi.node.js
353,业务应用连接,Strava 业务连接,(Strava),strava,应用操作节点,n8n-nodes-base,2.34.4,未标记隐藏,仅名称/节点类型能力参考；不复制代码、参数 Schema、文案、图标、测试或 UI,通用节点可覆盖,http_request / mcp_tool,需该服务的 API 或受信 MCP 适配器；没有专用节点与凭据契约。,按需连接器候选,已读取名称元数据,base:dist/nodes/Strava/Strava.node.js
354,业务应用连接,Stripe 业务连接,(Stripe),stripe,应用操作节点,n8n-nodes-base,2.34.4,未标记隐藏,仅名称/节点类型能力参考；不复制代码、参数 Schema、文案、图标、测试或 UI,通用节点可覆盖,http_request / mcp_tool,需该服务的 API 或受信 MCP 适配器；没有专用节点与凭据契约。,按需连接器候选,已读取名称元数据,base:dist/nodes/Stripe/Stripe.node.js
355,业务应用连接,SyncroMSP 业务连接,(SyncroMSP),syncroMsp,应用操作节点,n8n-nodes-base,2.34.4,未标记隐藏,仅名称/节点类型能力参考；不复制代码、参数 Schema、文案、图标、测试或 UI,通用节点可覆盖,http_request / mcp_tool,需该服务的 API 或受信 MCP 适配器；没有专用节点与凭据契约。,按需连接器候选,已读取名称元数据,base:dist/nodes/SyncroMSP/SyncroMsp.node.js
356,业务应用连接,Taiga 业务连接,(Taiga),taiga,应用操作节点,n8n-nodes-base,2.34.4,未标记隐藏,仅名称/节点类型能力参考；不复制代码、参数 Schema、文案、图标、测试或 UI,通用节点可覆盖,http_request / mcp_tool,需该服务的 API 或受信 MCP 适配器；没有专用节点与凭据契约。,按需连接器候选,已读取名称元数据,base:dist/nodes/Taiga/Taiga.node.js
357,业务应用连接,Tapfiliate 业务连接,(Tapfiliate),tapfiliate,应用操作节点,n8n-nodes-base,2.34.4,未标记隐藏,仅名称/节点类型能力参考；不复制代码、参数 Schema、文案、图标、测试或 UI,通用节点可覆盖,http_request / mcp_tool,需该服务的 API 或受信 MCP 适配器；没有专用节点与凭据契约。,按需连接器候选,已读取名称元数据,base:dist/nodes/Tapfiliate/Tapfiliate.node.js
358,业务应用连接,Todoist 业务连接,(Todoist),todoist,应用操作节点,n8n-nodes-base,2.34.4,未标记隐藏,仅名称/节点类型能力参考；不复制代码、参数 Schema、文案、图标、测试或 UI,通用节点可覆盖,http_request / mcp_tool,需该服务的 API 或受信 MCP 适配器；没有专用节点与凭据契约。,按需连接器候选,已读取名称元数据,base:dist/nodes/Todoist/Todoist.node.js
359,业务应用连接,Track Time Saved 业务连接,(Track Time Saved),timeSaved,应用操作节点,n8n-nodes-base,2.34.4,未标记隐藏,仅名称/节点类型能力参考；不复制代码、参数 Schema、文案、图标、测试或 UI,通用节点可覆盖,http_request / mcp_tool,需该服务的 API 或受信 MCP 适配器；没有专用节点与凭据契约。,按需连接器候选,已读取名称元数据,base:dist/nodes/TimeSaved/TimeSaved.node.js
360,业务应用连接,Trello 业务连接,(Trello),trello,应用操作节点,n8n-nodes-base,2.34.4,未标记隐藏,仅名称/节点类型能力参考；不复制代码、参数 Schema、文案、图标、测试或 UI,通用节点可覆盖,http_request / mcp_tool,需该服务的 API 或受信 MCP 适配器；没有专用节点与凭据契约。,按需连接器候选,已读取名称元数据,base:dist/nodes/Trello/Trello.node.js
361,业务应用连接,Unleashed Software 业务连接,(Unleashed Software),unleashedSoftware,应用操作节点,n8n-nodes-base,2.34.4,未标记隐藏,仅名称/节点类型能力参考；不复制代码、参数 Schema、文案、图标、测试或 UI,通用节点可覆盖,http_request / mcp_tool,需该服务的 API 或受信 MCP 适配器；没有专用节点与凭据契约。,按需连接器候选,已读取名称元数据,base:dist/nodes/UnleashedSoftware/UnleashedSoftware.node.js
362,业务应用连接,Uplead 业务连接,(Uplead),uplead,应用操作节点,n8n-nodes-base,2.34.4,未标记隐藏,仅名称/节点类型能力参考；不复制代码、参数 Schema、文案、图标、测试或 UI,通用节点可覆盖,http_request / mcp_tool,需该服务的 API 或受信 MCP 适配器；没有专用节点与凭据契约。,按需连接器候选,已读取名称元数据,base:dist/nodes/Uplead/Uplead.node.js
363,业务应用连接,Vero 业务连接,(Vero),vero,应用操作节点,n8n-nodes-base,2.34.4,未标记隐藏,仅名称/节点类型能力参考；不复制代码、参数 Schema、文案、图标、测试或 UI,通用节点可覆盖,http_request / mcp_tool,需该服务的 API 或受信 MCP 适配器；没有专用节点与凭据契约。,按需连接器候选,已读取名称元数据,base:dist/nodes/Vero/Vero.node.js
364,业务应用连接,Webflow 业务连接,(Webflow),webflow,应用操作节点,n8n-nodes-base,2.34.4,未标记隐藏,仅名称/节点类型能力参考；不复制代码、参数 Schema、文案、图标、测试或 UI,通用节点可覆盖,http_request / mcp_tool,需该服务的 API 或受信 MCP 适配器；没有专用节点与凭据契约。,按需连接器候选,已读取名称元数据,base:dist/nodes/Webflow/Webflow.node.js
365,业务应用连接,Wekan 业务连接,(Wekan),wekan,应用操作节点,n8n-nodes-base,2.34.4,未标记隐藏,仅名称/节点类型能力参考；不复制代码、参数 Schema、文案、图标、测试或 UI,通用节点可覆盖,http_request / mcp_tool,需该服务的 API 或受信 MCP 适配器；没有专用节点与凭据契约。,按需连接器候选,已读取名称元数据,base:dist/nodes/Wekan/Wekan.node.js
366,业务应用连接,Wise 业务连接,(Wise),wise,应用操作节点,n8n-nodes-base,2.34.4,未标记隐藏,仅名称/节点类型能力参考；不复制代码、参数 Schema、文案、图标、测试或 UI,通用节点可覆盖,http_request / mcp_tool,需该服务的 API 或受信 MCP 适配器；没有专用节点与凭据契约。,按需连接器候选,已读取名称元数据,base:dist/nodes/Wise/Wise.node.js
367,业务应用连接,WooCommerce 业务连接,(WooCommerce),wooCommerce,应用操作节点,n8n-nodes-base,2.34.4,未标记隐藏,仅名称/节点类型能力参考；不复制代码、参数 Schema、文案、图标、测试或 UI,通用节点可覆盖,http_request / mcp_tool,需该服务的 API 或受信 MCP 适配器；没有专用节点与凭据契约。,按需连接器候选,已读取名称元数据,base:dist/nodes/WooCommerce/WooCommerce.node.js
368,业务应用连接,Wordpress 业务连接,(Wordpress),wordpress,应用操作节点,n8n-nodes-base,2.34.4,未标记隐藏,仅名称/节点类型能力参考；不复制代码、参数 Schema、文案、图标、测试或 UI,通用节点可覆盖,http_request / mcp_tool,需该服务的 API 或受信 MCP 适配器；没有专用节点与凭据契约。,按需连接器候选,已读取名称元数据,base:dist/nodes/Wordpress/Wordpress.node.js
369,业务应用连接,X 社交平台业务连接,(X (Formerly Twitter)),twitter,应用操作节点,n8n-nodes-base,2.34.4,未标记隐藏,仅名称/节点类型能力参考；不复制代码、参数 Schema、文案、图标、测试或 UI,通用节点可覆盖,http_request / mcp_tool,需该服务的 API 或受信 MCP 适配器；没有专用节点与凭据契约。,按需连接器候选,已读取名称元数据,base:dist/nodes/Twitter/Twitter.node.js
370,业务应用连接,Xero 业务连接,(Xero),xero,应用操作节点,n8n-nodes-base,2.34.4,未标记隐藏,仅名称/节点类型能力参考；不复制代码、参数 Schema、文案、图标、测试或 UI,通用节点可覆盖,http_request / mcp_tool,需该服务的 API 或受信 MCP 适配器；没有专用节点与凭据契约。,按需连接器候选,已读取名称元数据,base:dist/nodes/Xero/Xero.node.js
371,业务应用连接,Yourls 业务连接,(Yourls),yourls,应用操作节点,n8n-nodes-base,2.34.4,未标记隐藏,仅名称/节点类型能力参考；不复制代码、参数 Schema、文案、图标、测试或 UI,通用节点可覆盖,http_request / mcp_tool,需该服务的 API 或受信 MCP 适配器；没有专用节点与凭据契约。,按需连接器候选,已读取名称元数据,base:dist/nodes/Yourls/Yourls.node.js
372,业务应用连接,Zammad 业务连接,(Zammad),zammad,应用操作节点,n8n-nodes-base,2.34.4,未标记隐藏,仅名称/节点类型能力参考；不复制代码、参数 Schema、文案、图标、测试或 UI,通用节点可覆盖,http_request / mcp_tool,需该服务的 API 或受信 MCP 适配器；没有专用节点与凭据契约。,按需连接器候选,已读取名称元数据,base:dist/nodes/Zammad/Zammad.node.js
373,业务应用连接,Zendesk 业务连接,(Zendesk),zendesk,应用操作节点,n8n-nodes-base,2.34.4,未标记隐藏,仅名称/节点类型能力参考；不复制代码、参数 Schema、文案、图标、测试或 UI,通用节点可覆盖,http_request / mcp_tool,需该服务的 API 或受信 MCP 适配器；没有专用节点与凭据契约。,按需连接器候选,已读取名称元数据,base:dist/nodes/Zendesk/Zendesk.node.js
374,业务应用连接,Zoho CRM 业务连接,(Zoho CRM),zohoCrm,应用操作节点,n8n-nodes-base,2.34.4,未标记隐藏,仅名称/节点类型能力参考；不复制代码、参数 Schema、文案、图标、测试或 UI,通用节点可覆盖,http_request / mcp_tool,需该服务的 API 或受信 MCP 适配器；没有专用节点与凭据契约。,按需连接器候选,已读取名称元数据,base:dist/nodes/Zoho/ZohoCrm.node.js
375,业务应用连接,Zoom 业务连接,(Zoom),zoom,应用操作节点,n8n-nodes-base,2.34.4,未标记隐藏,仅名称/节点类型能力参考；不复制代码、参数 Schema、文案、图标、测试或 UI,通用节点可覆盖,http_request / mcp_tool,需该服务的 API 或受信 MCP 适配器；没有专用节点与凭据契约。,按需连接器候选,已读取名称元数据,base:dist/nodes/Zoom/Zoom.node.js
376,开发、运维与可观测,代码仓库操作,(Git),git,核心节点,n8n-nodes-base,2.34.4,未标记隐藏,仅名称/节点类型能力参考；不复制代码、参数 Schema、文案、图标、测试或 UI,通用节点可覆盖,mcp_tool,需受信 MCP 适配器；当前没有专用节点。,核心能力候选,已读取名称元数据,base:dist/nodes/Git/Git.node.js
377,开发、运维与可观测,系统命令执行,(Execute Command),executeCommand,核心节点,n8n-nodes-base,2.34.4,未标记隐藏,仅名称/节点类型能力参考；不复制代码、参数 Schema、文案、图标、测试或 UI,通用节点可覆盖,mcp_tool,需受信 MCP 适配器；当前没有专用节点。,核心能力候选,已读取名称元数据,base:dist/nodes/ExecuteCommand/ExecuteCommand.node.js
378,开发、运维与可观测,AWS Certificate Manager 工程操作,(AWS Certificate Manager),awsCertificateManager,应用操作节点,n8n-nodes-base,2.34.4,未标记隐藏,仅名称/节点类型能力参考；不复制代码、参数 Schema、文案、图标、测试或 UI,通用节点可覆盖,http_request / mcp_tool,需该服务的 API 或受信 MCP 适配器；没有专用节点与凭据契约。,按需连接器候选,已读取名称元数据,base:dist/nodes/Aws/CertificateManager/AwsCertificateManager.node.js
379,开发、运维与可观测,AWS Cognito 工程操作,(AWS Cognito),awsCognito,应用操作节点,n8n-nodes-base,2.34.4,未标记隐藏,仅名称/节点类型能力参考；不复制代码、参数 Schema、文案、图标、测试或 UI,通用节点可覆盖,http_request / mcp_tool,需该服务的 API 或受信 MCP 适配器；没有专用节点与凭据契约。,按需连接器候选,已读取名称元数据,base:dist/nodes/Aws/Cognito/AwsCognito.node.js
380,开发、运维与可观测,AWS Comprehend 工程操作,(AWS Comprehend),awsComprehend,应用操作节点,n8n-nodes-base,2.34.4,未标记隐藏,仅名称/节点类型能力参考；不复制代码、参数 Schema、文案、图标、测试或 UI,通用节点可覆盖,http_request / mcp_tool,需该服务的 API 或受信 MCP 适配器；没有专用节点与凭据契约。,按需连接器候选,已读取名称元数据,base:dist/nodes/Aws/Comprehend/AwsComprehend.node.js
381,开发、运维与可观测,AWS DynamoDB 工程操作,(AWS DynamoDB),awsDynamoDb,应用操作节点,n8n-nodes-base,2.34.4,未标记隐藏,仅名称/节点类型能力参考；不复制代码、参数 Schema、文案、图标、测试或 UI,通用节点可覆盖,http_request / mcp_tool,需该服务的 API 或受信 MCP 适配器；没有专用节点与凭据契约。,按需连接器候选,已读取名称元数据,base:dist/nodes/Aws/DynamoDB/AwsDynamoDB.node.js
382,开发、运维与可观测,AWS ELB 工程操作,(AWS ELB),awsElb,应用操作节点,n8n-nodes-base,2.34.4,未标记隐藏,仅名称/节点类型能力参考；不复制代码、参数 Schema、文案、图标、测试或 UI,通用节点可覆盖,http_request / mcp_tool,需该服务的 API 或受信 MCP 适配器；没有专用节点与凭据契约。,按需连接器候选,已读取名称元数据,base:dist/nodes/Aws/ELB/AwsElb.node.js
383,开发、运维与可观测,AWS IAM 工程操作,(AWS IAM),awsIam,应用操作节点,n8n-nodes-base,2.34.4,未标记隐藏,仅名称/节点类型能力参考；不复制代码、参数 Schema、文案、图标、测试或 UI,通用节点可覆盖,http_request / mcp_tool,需该服务的 API 或受信 MCP 适配器；没有专用节点与凭据契约。,按需连接器候选,已读取名称元数据,base:dist/nodes/Aws/IAM/AwsIam.node.js
384,开发、运维与可观测,AWS Lambda 工程操作,(AWS Lambda),awsLambda,应用操作节点,n8n-nodes-base,2.34.4,未标记隐藏,仅名称/节点类型能力参考；不复制代码、参数 Schema、文案、图标、测试或 UI,通用节点可覆盖,http_request / mcp_tool,需该服务的 API 或受信 MCP 适配器；没有专用节点与凭据契约。,按需连接器候选,已读取名称元数据,base:dist/nodes/Aws/AwsLambda.node.js
385,开发、运维与可观测,AWS Rekognition 工程操作,(AWS Rekognition),awsRekognition,应用操作节点,n8n-nodes-base,2.34.4,未标记隐藏,仅名称/节点类型能力参考；不复制代码、参数 Schema、文案、图标、测试或 UI,通用节点可覆盖,http_request / mcp_tool,需该服务的 API 或受信 MCP 适配器；没有专用节点与凭据契约。,按需连接器候选,已读取名称元数据,base:dist/nodes/Aws/Rekognition/AwsRekognition.node.js
386,开发、运维与可观测,AWS SES 工程操作,(AWS SES),awsSes,应用操作节点,n8n-nodes-base,2.34.4,未标记隐藏,仅名称/节点类型能力参考；不复制代码、参数 Schema、文案、图标、测试或 UI,通用节点可覆盖,http_request / mcp_tool,需该服务的 API 或受信 MCP 适配器；没有专用节点与凭据契约。,按需连接器候选,已读取名称元数据,base:dist/nodes/Aws/SES/AwsSes.node.js
387,开发、运维与可观测,AWS SNS 工程操作,(AWS SNS),awsSns,应用操作节点,n8n-nodes-base,2.34.4,未标记隐藏,仅名称/节点类型能力参考；不复制代码、参数 Schema、文案、图标、测试或 UI,通用节点可覆盖,http_request / mcp_tool,需该服务的 API 或受信 MCP 适配器；没有专用节点与凭据契约。,按需连接器候选,已读取名称元数据,base:dist/nodes/Aws/AwsSns.node.js
388,开发、运维与可观测,AWS SQS 工程操作,(AWS SQS),awsSqs,应用操作节点,n8n-nodes-base,2.34.4,未标记隐藏,仅名称/节点类型能力参考；不复制代码、参数 Schema、文案、图标、测试或 UI,通用节点可覆盖,http_request / mcp_tool,需该服务的 API 或受信 MCP 适配器；没有专用节点与凭据契约。,按需连接器候选,已读取名称元数据,base:dist/nodes/Aws/SQS/AwsSqs.node.js
389,开发、运维与可观测,AWS Textract 工程操作,(AWS Textract),awsTextract,应用操作节点,n8n-nodes-base,2.34.4,未标记隐藏,仅名称/节点类型能力参考；不复制代码、参数 Schema、文案、图标、测试或 UI,通用节点可覆盖,http_request / mcp_tool,需该服务的 API 或受信 MCP 适配器；没有专用节点与凭据契约。,按需连接器候选,已读取名称元数据,base:dist/nodes/Aws/Textract/AwsTextract.node.js
390,开发、运维与可观测,AWS Transcribe 工程操作,(AWS Transcribe),awsTranscribe,应用操作节点,n8n-nodes-base,2.34.4,未标记隐藏,仅名称/节点类型能力参考；不复制代码、参数 Schema、文案、图标、测试或 UI,通用节点可覆盖,http_request / mcp_tool,需该服务的 API 或受信 MCP 适配器；没有专用节点与凭据契约。,按需连接器候选,已读取名称元数据,base:dist/nodes/Aws/Transcribe/AwsTranscribe.node.js
391,开发、运维与可观测,AwsS3 工程操作,(AwsS3),awsS3,应用操作节点,n8n-nodes-base,2.34.4,未标记隐藏,仅名称/节点类型能力参考；不复制代码、参数 Schema、文案、图标、测试或 UI,通用节点可覆盖,http_request / mcp_tool,需该服务的 API 或受信 MCP 适配器；没有专用节点与凭据契约。,按需连接器候选,已读取名称元数据,base:dist/nodes/Aws/S3/AwsS3.node.js
392,开发、运维与可观测,CircleCI 工程操作,(CircleCI),circleCi,应用操作节点,n8n-nodes-base,2.34.4,未标记隐藏,仅名称/节点类型能力参考；不复制代码、参数 Schema、文案、图标、测试或 UI,通用节点可覆盖,http_request / mcp_tool,需该服务的 API 或受信 MCP 适配器；没有专用节点与凭据契约。,按需连接器候选,已读取名称元数据,base:dist/nodes/CircleCi/CircleCi.node.js
393,开发、运维与可观测,Cloudflare 工程操作,(Cloudflare),cloudflare,应用操作节点,n8n-nodes-base,2.34.4,未标记隐藏,仅名称/节点类型能力参考；不复制代码、参数 Schema、文案、图标、测试或 UI,通用节点可覆盖,http_request / mcp_tool,需该服务的 API 或受信 MCP 适配器；没有专用节点与凭据契约。,按需连接器候选,已读取名称元数据,base:dist/nodes/Cloudflare/Cloudflare.node.js
394,开发、运维与可观测,GitHub 工程操作,(GitHub),github,应用操作节点,n8n-nodes-base,2.34.4,未标记隐藏,仅名称/节点类型能力参考；不复制代码、参数 Schema、文案、图标、测试或 UI,通用节点可覆盖,http_request / mcp_tool,需该服务的 API 或受信 MCP 适配器；没有专用节点与凭据契约。,按需连接器候选,已读取名称元数据,base:dist/nodes/Github/Github.node.js
395,开发、运维与可观测,GitLab 工程操作,(GitLab),gitlab,应用操作节点,n8n-nodes-base,2.34.4,未标记隐藏,仅名称/节点类型能力参考；不复制代码、参数 Schema、文案、图标、测试或 UI,通用节点可覆盖,http_request / mcp_tool,需该服务的 API 或受信 MCP 适配器；没有专用节点与凭据契约。,按需连接器候选,已读取名称元数据,base:dist/nodes/Gitlab/Gitlab.node.js
396,开发、运维与可观测,Grafana 工程操作,(Grafana),grafana,应用操作节点,n8n-nodes-base,2.34.4,未标记隐藏,仅名称/节点类型能力参考；不复制代码、参数 Schema、文案、图标、测试或 UI,通用节点可覆盖,http_request / mcp_tool,需该服务的 API 或受信 MCP 适配器；没有专用节点与凭据契约。,按需连接器候选,已读取名称元数据,base:dist/nodes/Grafana/Grafana.node.js
397,开发、运维与可观测,Jenkins 工程操作,(Jenkins),jenkins,应用操作节点,n8n-nodes-base,2.34.4,未标记隐藏,仅名称/节点类型能力参考；不复制代码、参数 Schema、文案、图标、测试或 UI,通用节点可覆盖,http_request / mcp_tool,需该服务的 API 或受信 MCP 适配器；没有专用节点与凭据契约。,按需连接器候选,已读取名称元数据,base:dist/nodes/Jenkins/Jenkins.node.js
398,开发、运维与可观测,工作流平台管理,(n8n),n8n,应用操作节点,n8n-nodes-base,2.34.4,未标记隐藏,仅名称/节点类型能力参考；不复制代码、参数 Schema、文案、图标、测试或 UI,通用节点可覆盖,http_request / mcp_tool,需该服务的 API 或受信 MCP 适配器；没有专用节点与凭据契约。,按需连接器候选,已读取名称元数据,base:dist/nodes/N8n/N8n.node.js
399,开发、运维与可观测,Netlify 工程操作,(Netlify),netlify,应用操作节点,n8n-nodes-base,2.34.4,未标记隐藏,仅名称/节点类型能力参考；不复制代码、参数 Schema、文案、图标、测试或 UI,通用节点可覆盖,http_request / mcp_tool,需该服务的 API 或受信 MCP 适配器；没有专用节点与凭据契约。,按需连接器候选,已读取名称元数据,base:dist/nodes/Netlify/Netlify.node.js
400,开发、运维与可观测,Npm 工程操作,(Npm),npm,应用操作节点,n8n-nodes-base,2.34.4,未标记隐藏,仅名称/节点类型能力参考；不复制代码、参数 Schema、文案、图标、测试或 UI,通用节点可覆盖,http_request / mcp_tool,需该服务的 API 或受信 MCP 适配器；没有专用节点与凭据契约。,按需连接器候选,已读取名称元数据,base:dist/nodes/Npm/Npm.node.js
401,开发、运维与可观测,PostBin 工程操作,(PostBin),postBin,应用操作节点,n8n-nodes-base,2.34.4,未标记隐藏,仅名称/节点类型能力参考；不复制代码、参数 Schema、文案、图标、测试或 UI,通用节点可覆盖,http_request / mcp_tool,需该服务的 API 或受信 MCP 适配器；没有专用节点与凭据契约。,按需连接器候选,已读取名称元数据,base:dist/nodes/PostBin/PostBin.node.js
402,开发、运维与可观测,Rundeck 工程操作,(Rundeck),rundeck,应用操作节点,n8n-nodes-base,2.34.4,未标记隐藏,仅名称/节点类型能力参考；不复制代码、参数 Schema、文案、图标、测试或 UI,通用节点可覆盖,http_request / mcp_tool,需该服务的 API 或受信 MCP 适配器；没有专用节点与凭据契约。,按需连接器候选,已读取名称元数据,base:dist/nodes/Rundeck/Rundeck.node.js
403,开发、运维与可观测,Sentry.io 工程操作,(Sentry.io),sentryIo,应用操作节点,n8n-nodes-base,2.34.4,未标记隐藏,仅名称/节点类型能力参考；不复制代码、参数 Schema、文案、图标、测试或 UI,通用节点可覆盖,http_request / mcp_tool,需该服务的 API 或受信 MCP 适配器；没有专用节点与凭据契约。,按需连接器候选,已读取名称元数据,base:dist/nodes/SentryIo/SentryIo.node.js
404,开发、运维与可观测,Splunk 工程操作,(Splunk),splunk,应用操作节点,n8n-nodes-base,2.34.4,未标记隐藏,仅名称/节点类型能力参考；不复制代码、参数 Schema、文案、图标、测试或 UI,通用节点可覆盖,http_request / mcp_tool,需该服务的 API 或受信 MCP 适配器；没有专用节点与凭据契约。,按需连接器候选,已读取名称元数据,base:dist/nodes/Splunk/Splunk.node.js
405,开发、运维与可观测,TravisCI 工程操作,(TravisCI),travisCi,应用操作节点,n8n-nodes-base,2.34.4,未标记隐藏,仅名称/节点类型能力参考；不复制代码、参数 Schema、文案、图标、测试或 UI,通用节点可覆盖,http_request / mcp_tool,需该服务的 API 或受信 MCP 适配器；没有专用节点与凭据契约。,按需连接器候选,已读取名称元数据,base:dist/nodes/TravisCi/TravisCi.node.js
406,开发、运维与可观测,UptimeRobot 工程操作,(UptimeRobot),uptimeRobot,应用操作节点,n8n-nodes-base,2.34.4,未标记隐藏,仅名称/节点类型能力参考；不复制代码、参数 Schema、文案、图标、测试或 UI,通用节点可覆盖,http_request / mcp_tool,需该服务的 API 或受信 MCP 适配器；没有专用节点与凭据契约。,按需连接器候选,已读取名称元数据,base:dist/nodes/UptimeRobot/UptimeRobot.node.js
407,开发、运维与可观测,urlscan.io 工程操作,(urlscan.io),urlScanIo,应用操作节点,n8n-nodes-base,2.34.4,未标记隐藏,仅名称/节点类型能力参考；不复制代码、参数 Schema、文案、图标、测试或 UI,通用节点可覆盖,http_request / mcp_tool,需该服务的 API 或受信 MCP 适配器；没有专用节点与凭据契约。,按需连接器候选,已读取名称元数据,base:dist/nodes/UrlScanIo/UrlScanIo.node.js
408,安全与身份,动态口令处理,(TOTP),totp,核心节点,n8n-nodes-base,2.34.4,未标记隐藏,仅名称/节点类型能力参考；不复制代码、参数 Schema、文案、图标、测试或 UI,未实现,—,没有专用安全/身份节点。,核心能力候选,已读取名称元数据,base:dist/nodes/Totp/Totp.node.js
409,安全与身份,加解密处理,(Crypto),crypto,核心节点,n8n-nodes-base,2.34.4,未标记隐藏,仅名称/节点类型能力参考；不复制代码、参数 Schema、文案、图标、测试或 UI,未实现,—,没有专用安全/身份节点。,核心能力候选,已读取名称元数据,base:dist/nodes/Crypto/Crypto.node.js
410,安全与身份,令牌处理,(JWT),jwt,核心节点,n8n-nodes-base,2.34.4,未标记隐藏,仅名称/节点类型能力参考；不复制代码、参数 Schema、文案、图标、测试或 UI,未实现,—,没有专用安全/身份节点。,核心能力候选,已读取名称元数据,base:dist/nodes/Jwt/Jwt.node.js
411,安全与身份,Bitwarden 安全操作,(Bitwarden),bitwarden,应用操作节点,n8n-nodes-base,2.34.4,未标记隐藏,仅名称/节点类型能力参考；不复制代码、参数 Schema、文案、图标、测试或 UI,通用节点可覆盖,http_request / mcp_tool,需该服务的 API 或受信 MCP 适配器；没有专用节点与凭据契约。,按需连接器候选,已读取名称元数据,base:dist/nodes/Bitwarden/Bitwarden.node.js
412,安全与身份,Ldap 安全操作,(Ldap),ldap,核心节点,n8n-nodes-base,2.34.4,未标记隐藏,仅名称/节点类型能力参考；不复制代码、参数 Schema、文案、图标、测试或 UI,未实现,—,没有专用安全/身份节点。,核心能力候选,已读取名称元数据,base:dist/nodes/Ldap/Ldap.node.js
413,安全与身份,MISP 安全操作,(MISP),misp,应用操作节点,n8n-nodes-base,2.34.4,未标记隐藏,仅名称/节点类型能力参考；不复制代码、参数 Schema、文案、图标、测试或 UI,通用节点可覆盖,http_request / mcp_tool,需该服务的 API 或受信 MCP 适配器；没有专用节点与凭据契约。,按需连接器候选,已读取名称元数据,base:dist/nodes/Misp/Misp.node.js
414,安全与身份,Netscaler ADC 安全操作,(Netscaler ADC),citrixAdc,应用操作节点,n8n-nodes-base,2.34.4,未标记隐藏,仅名称/节点类型能力参考；不复制代码、参数 Schema、文案、图标、测试或 UI,通用节点可覆盖,http_request / mcp_tool,需该服务的 API 或受信 MCP 适配器；没有专用节点与凭据契约。,按需连接器候选,已读取名称元数据,base:dist/nodes/Netscaler/ADC/NetscalerAdc.node.js
415,安全与身份,Okta 安全操作,(Okta),okta,应用操作节点,n8n-nodes-base,2.34.4,未标记隐藏,仅名称/节点类型能力参考；不复制代码、参数 Schema、文案、图标、测试或 UI,通用节点可覆盖,http_request / mcp_tool,需该服务的 API 或受信 MCP 适配器；没有专用节点与凭据契约。,按需连接器候选,已读取名称元数据,base:dist/nodes/Okta/Okta.node.js
416,安全与身份,SecurityScorecard 安全操作,(SecurityScorecard),securityScorecard,应用操作节点,n8n-nodes-base,2.34.4,未标记隐藏,仅名称/节点类型能力参考；不复制代码、参数 Schema、文案、图标、测试或 UI,通用节点可覆盖,http_request / mcp_tool,需该服务的 API 或受信 MCP 适配器；没有专用节点与凭据契约。,按需连接器候选,已读取名称元数据,base:dist/nodes/SecurityScorecard/SecurityScorecard.node.js
417,安全与身份,TheHive 5 安全操作,(TheHive 5),theHiveProject,应用操作节点,n8n-nodes-base,2.34.4,未标记隐藏,仅名称/节点类型能力参考；不复制代码、参数 Schema、文案、图标、测试或 UI,通用节点可覆盖,http_request / mcp_tool,需该服务的 API 或受信 MCP 适配器；没有专用节点与凭据契约。,按需连接器候选,已读取名称元数据,base:dist/nodes/TheHiveProject/TheHiveProject.node.js
418,安全与身份,TheHive 安全操作,(TheHive),theHive,应用操作节点,n8n-nodes-base,2.34.4,未标记隐藏,仅名称/节点类型能力参考；不复制代码、参数 Schema、文案、图标、测试或 UI,通用节点可覆盖,http_request / mcp_tool,需该服务的 API 或受信 MCP 适配器；没有专用节点与凭据契约。,按需连接器候选,已读取名称元数据,base:dist/nodes/TheHive/TheHive.node.js
419,安全与身份,Venafi TLS Protect Cloud 安全操作,(Venafi TLS Protect Cloud),venafiTlsProtectCloud,应用操作节点,n8n-nodes-base,2.34.4,未标记隐藏,仅名称/节点类型能力参考；不复制代码、参数 Schema、文案、图标、测试或 UI,通用节点可覆盖,http_request / mcp_tool,需该服务的 API 或受信 MCP 适配器；没有专用节点与凭据契约。,按需连接器候选,已读取名称元数据,base:dist/nodes/Venafi/ProtectCloud/VenafiTlsProtectCloud.node.js
420,安全与身份,Venafi TLS Protect Datacenter 安全操作,(Venafi TLS Protect Datacenter),venafiTlsProtectDatacenter,应用操作节点,n8n-nodes-base,2.34.4,未标记隐藏,仅名称/节点类型能力参考；不复制代码、参数 Schema、文案、图标、测试或 UI,通用节点可覆盖,http_request / mcp_tool,需该服务的 API 或受信 MCP 适配器；没有专用节点与凭据契约。,按需连接器候选,已读取名称元数据,base:dist/nodes/Venafi/Datacenter/VenafiTlsProtectDatacenter.node.js
421,AI 模型与生成,模型选择器,(Model Selector),modelSelector,AI 集群节点,@n8n/n8n-nodes-langchain,2.34.4,未标记隐藏,仅名称/节点类型能力参考；不复制代码、参数 Schema、文案、图标、测试或 UI,部分实现,llm,已有网关化模型节点，不提供每家厂商独立节点。,AI 能力候选,已读取名称元数据,langchain:dist/nodes/ModelSelector/ModelSelector.node.js
422,AI 模型与生成,情感分析,(Sentiment Analysis),sentimentAnalysis,AI 集群节点（根或可独立）,@n8n/n8n-nodes-langchain,2.34.4,未标记隐藏,仅名称/节点类型能力参考；不复制代码、参数 Schema、文案、图标、测试或 UI,部分实现,llm / workflow_agent,可覆盖基础生成链，缺少独立链节点契约。,AI 能力候选,已读取名称元数据,langchain:dist/nodes/chains/SentimentAnalysis/SentimentAnalysis.node.js
423,AI 模型与生成,通用模型服务（遗留）,(OpenAI),openAi,应用操作节点,n8n-nodes-base,2.34.4,隐藏,仅名称/节点类型能力参考；不复制代码、参数 Schema、文案、图标、测试或 UI,部分实现,llm,已有统一模型网关节点；无厂商专用操作契约。,合并或排除隐藏/遗留条目,已读取名称元数据,base:dist/nodes/OpenAi/OpenAi.node.js
424,AI 模型与生成,通用模型服务（遗留）,(OpenAI),openAi,应用操作节点,@n8n/n8n-nodes-langchain,2.34.4,未标记隐藏,仅名称/节点类型能力参考；不复制代码、参数 Schema、文案、图标、测试或 UI,部分实现,llm,已有网关化模型节点，不提供每家厂商独立节点。,按需连接器候选,已读取名称元数据,langchain:dist/nodes/vendors/OpenAi/OpenAi.node.js
425,AI 模型与生成,通用模型链,(Basic LLM Chain),chainLlm,AI 集群节点（根或可独立）,@n8n/n8n-nodes-langchain,2.34.4,未标记隐藏,仅名称/节点类型能力参考；不复制代码、参数 Schema、文案、图标、测试或 UI,部分实现,llm / workflow_agent,可覆盖基础生成链，缺少独立链节点契约。,AI 能力候选,已读取名称元数据,langchain:dist/nodes/chains/ChainLLM/ChainLlm.node.js
426,AI 模型与生成,文本分类,(Text Classifier),textClassifier,AI 集群节点（根或可独立）,@n8n/n8n-nodes-langchain,2.34.4,未标记隐藏,仅名称/节点类型能力参考；不复制代码、参数 Schema、文案、图标、测试或 UI,部分实现,question_classifier,已有规则分类与可选模型回退。,AI 能力候选,已读取名称元数据,langchain:dist/nodes/chains/TextClassifier/TextClassifier.node.js
427,AI 模型与生成,信息提取,(Information Extractor),informationExtractor,AI 集群节点（根或可独立）,@n8n/n8n-nodes-langchain,2.34.4,未标记隐藏,仅名称/节点类型能力参考；不复制代码、参数 Schema、文案、图标、测试或 UI,部分实现,parameter_extractor,已有模型参数提取。,AI 能力候选,已读取名称元数据,langchain:dist/nodes/chains/InformationExtractor/InformationExtractor.node.js
428,AI 模型与生成,摘要生成链,(Summarization Chain),chainSummarization,AI 集群节点（根或可独立）,@n8n/n8n-nodes-langchain,2.34.4,未标记隐藏,仅名称/节点类型能力参考；不复制代码、参数 Schema、文案、图标、测试或 UI,部分实现,llm / workflow_agent,可覆盖基础生成链，缺少独立链节点契约。,AI 能力候选,已读取名称元数据,langchain:dist/nodes/chains/ChainSummarization/ChainSummarization.node.js
429,AI 模型与生成,知识问答链,(Question and Answer Chain),chainRetrievalQa,AI 集群节点（根或可独立）,@n8n/n8n-nodes-langchain,2.34.4,未标记隐藏,仅名称/节点类型能力参考；不复制代码、参数 Schema、文案、图标、测试或 UI,部分实现,llm / workflow_agent,可覆盖基础生成链，缺少独立链节点契约。,AI 能力候选,已读取名称元数据,langchain:dist/nodes/chains/ChainRetrievalQA/ChainRetrievalQa.node.js
430,AI 模型与生成,AI 数据变换,(AI Transform),aiTransform,核心节点,n8n-nodes-base,2.34.4,隐藏,仅名称/节点类型能力参考；不复制代码、参数 Schema、文案、图标、测试或 UI,部分实现,llm / template_transform,可通过模型与模板组合实现，尚无同名专用节点。,合并或排除隐藏/遗留条目,已读取名称元数据,base:dist/nodes/AiTransform/AiTransform.node.js
431,AI 模型与生成,Anthropic 对话模型,(Anthropic Chat Model),lmChatAnthropic,AI 集群子节点,@n8n/n8n-nodes-langchain,2.34.4,未标记隐藏,仅名称/节点类型能力参考；不复制代码、参数 Schema、文案、图标、测试或 UI,部分实现,llm,已有网关化模型节点，不提供每家厂商独立节点。,AI 能力候选,已读取名称元数据,langchain:dist/nodes/llms/LMChatAnthropic/LmChatAnthropic.node.js
432,AI 模型与生成,Anthropic 模型服务,(Anthropic),anthropic,应用操作节点,@n8n/n8n-nodes-langchain,2.34.4,未标记隐藏,仅名称/节点类型能力参考；不复制代码、参数 Schema、文案、图标、测试或 UI,部分实现,llm,已有网关化模型节点，不提供每家厂商独立节点。,按需连接器候选,已读取名称元数据,langchain:dist/nodes/vendors/Anthropic/Anthropic.node.js
433,AI 模型与生成,AWS Bedrock 对话模型,(AWS Bedrock Chat Model),lmChatAwsBedrock,AI 集群子节点,@n8n/n8n-nodes-langchain,2.34.4,未标记隐藏,仅名称/节点类型能力参考；不复制代码、参数 Schema、文案、图标、测试或 UI,部分实现,llm,已有网关化模型节点，不提供每家厂商独立节点。,AI 能力候选,已读取名称元数据,langchain:dist/nodes/llms/LmChatAwsBedrock/LmChatAwsBedrock.node.js
434,AI 模型与生成,Azure OpenAI 对话模型,(Azure OpenAI Chat Model),lmChatAzureOpenAi,AI 集群子节点,@n8n/n8n-nodes-langchain,2.34.4,未标记隐藏,仅名称/节点类型能力参考；不复制代码、参数 Schema、文案、图标、测试或 UI,部分实现,llm,已有网关化模型节点，不提供每家厂商独立节点。,AI 能力候选,已读取名称元数据,langchain:dist/nodes/llms/LmChatAzureOpenAi/LmChatAzureOpenAi.node.js
435,AI 模型与生成,Clearbit 智能服务,(Clearbit),clearbit,应用操作节点,n8n-nodes-base,2.34.4,未标记隐藏,仅名称/节点类型能力参考；不复制代码、参数 Schema、文案、图标、测试或 UI,部分实现,llm,已有统一模型网关节点；无厂商专用操作契约。,按需连接器候选,已读取名称元数据,base:dist/nodes/Clearbit/Clearbit.node.js
436,AI 模型与生成,Cohere 对话模型,(Cohere Chat Model),lmChatCohere,AI 集群子节点,@n8n/n8n-nodes-langchain,2.34.4,未标记隐藏,仅名称/节点类型能力参考；不复制代码、参数 Schema、文案、图标、测试或 UI,部分实现,llm,已有网关化模型节点，不提供每家厂商独立节点。,AI 能力候选,已读取名称元数据,langchain:dist/nodes/llms/LmChatCohere/LmChatCohere.node.js
437,AI 模型与生成,Cohere 对话模型,(Cohere Model),lmCohere,AI 集群子节点,@n8n/n8n-nodes-langchain,2.34.4,未标记隐藏,仅名称/节点类型能力参考；不复制代码、参数 Schema、文案、图标、测试或 UI,部分实现,llm,已有网关化模型节点，不提供每家厂商独立节点。,AI 能力候选,已读取名称元数据,langchain:dist/nodes/llms/LMCohere/LmCohere.node.js
438,AI 模型与生成,Cortex 智能服务,(Cortex),cortex,应用操作节点,n8n-nodes-base,2.34.4,未标记隐藏,仅名称/节点类型能力参考；不复制代码、参数 Schema、文案、图标、测试或 UI,部分实现,llm,已有统一模型网关节点；无厂商专用操作契约。,按需连接器候选,已读取名称元数据,base:dist/nodes/Cortex/Cortex.node.js
439,AI 模型与生成,DeepL 智能服务,(DeepL),deepL,应用操作节点,n8n-nodes-base,2.34.4,未标记隐藏,仅名称/节点类型能力参考；不复制代码、参数 Schema、文案、图标、测试或 UI,部分实现,llm,已有统一模型网关节点；无厂商专用操作契约。,按需连接器候选,已读取名称元数据,base:dist/nodes/DeepL/DeepL.node.js
440,AI 模型与生成,DeepSeek 对话模型,(DeepSeek Chat Model),lmChatDeepSeek,AI 集群子节点,@n8n/n8n-nodes-langchain,2.34.4,未标记隐藏,仅名称/节点类型能力参考；不复制代码、参数 Schema、文案、图标、测试或 UI,部分实现,llm,已有网关化模型节点，不提供每家厂商独立节点。,AI 能力候选,已读取名称元数据,langchain:dist/nodes/llms/LmChatDeepSeek/LmChatDeepSeek.node.js
441,AI 模型与生成,Dropcontact 智能服务,(Dropcontact),dropcontact,应用操作节点,n8n-nodes-base,2.34.4,未标记隐藏,仅名称/节点类型能力参考；不复制代码、参数 Schema、文案、图标、测试或 UI,部分实现,llm,已有统一模型网关节点；无厂商专用操作契约。,按需连接器候选,已读取名称元数据,base:dist/nodes/Dropcontact/Dropcontact.node.js
442,AI 模型与生成,Google Gemini 对话模型,(Google Gemini Chat Model),lmChatGoogleGemini,AI 集群子节点,@n8n/n8n-nodes-langchain,2.34.4,未标记隐藏,仅名称/节点类型能力参考；不复制代码、参数 Schema、文案、图标、测试或 UI,部分实现,llm,已有网关化模型节点，不提供每家厂商独立节点。,AI 能力候选,已读取名称元数据,langchain:dist/nodes/llms/LmChatGoogleGemini/LmChatGoogleGemini.node.js
443,AI 模型与生成,Google Gemini 模型服务,(Google Gemini),googleGemini,应用操作节点,@n8n/n8n-nodes-langchain,2.34.4,未标记隐藏,仅名称/节点类型能力参考；不复制代码、参数 Schema、文案、图标、测试或 UI,部分实现,llm,已有网关化模型节点，不提供每家厂商独立节点。,按需连接器候选,已读取名称元数据,langchain:dist/nodes/vendors/GoogleGemini/GoogleGemini.node.js
444,AI 模型与生成,Google Vertex 对话模型,(Google Vertex Chat Model),lmChatGoogleVertex,AI 集群子节点,@n8n/n8n-nodes-langchain,2.34.4,未标记隐藏,仅名称/节点类型能力参考；不复制代码、参数 Schema、文案、图标、测试或 UI,部分实现,llm,已有网关化模型节点，不提供每家厂商独立节点。,AI 能力候选,已读取名称元数据,langchain:dist/nodes/llms/LmChatGoogleVertex/LmChatGoogleVertex.node.js
445,AI 模型与生成,Groq 对话模型,(Groq Chat Model),lmChatGroq,AI 集群子节点,@n8n/n8n-nodes-langchain,2.34.4,未标记隐藏,仅名称/节点类型能力参考；不复制代码、参数 Schema、文案、图标、测试或 UI,部分实现,llm,已有网关化模型节点，不提供每家厂商独立节点。,AI 能力候选,已读取名称元数据,langchain:dist/nodes/llms/LmChatGroq/LmChatGroq.node.js
446,AI 模型与生成,Hugging Face Inference 对话模型,(Hugging Face Inference Model),lmOpenHuggingFaceInference,AI 集群子节点,@n8n/n8n-nodes-langchain,2.34.4,未标记隐藏,仅名称/节点类型能力参考；不复制代码、参数 Schema、文案、图标、测试或 UI,部分实现,llm,已有网关化模型节点，不提供每家厂商独立节点。,AI 能力候选,已读取名称元数据,langchain:dist/nodes/llms/LMOpenHuggingFaceInference/LmOpenHuggingFaceInference.node.js
447,AI 模型与生成,Humantic AI 智能服务,(Humantic AI),humanticAi,应用操作节点,n8n-nodes-base,2.34.4,未标记隐藏,仅名称/节点类型能力参考；不复制代码、参数 Schema、文案、图标、测试或 UI,部分实现,llm,已有统一模型网关节点；无厂商专用操作契约。,按需连接器候选,已读取名称元数据,base:dist/nodes/HumanticAI/HumanticAi.node.js
448,AI 模型与生成,Hunter 智能服务,(Hunter),hunter,应用操作节点,n8n-nodes-base,2.34.4,未标记隐藏,仅名称/节点类型能力参考；不复制代码、参数 Schema、文案、图标、测试或 UI,部分实现,llm,已有统一模型网关节点；无厂商专用操作契约。,按需连接器候选,已读取名称元数据,base:dist/nodes/Hunter/Hunter.node.js
449,AI 模型与生成,Jina AI 智能服务,(Jina AI),jinaAi,应用操作节点,n8n-nodes-base,2.34.4,未标记隐藏,仅名称/节点类型能力参考；不复制代码、参数 Schema、文案、图标、测试或 UI,部分实现,llm,已有统一模型网关节点；无厂商专用操作契约。,按需连接器候选,已读取名称元数据,base:dist/nodes/JinaAI/JinaAi.node.js
450,AI 模型与生成,Lemonade 对话模型,(Lemonade Chat Model),lmChatLemonade,AI 集群子节点,@n8n/n8n-nodes-langchain,2.34.4,未标记隐藏,仅名称/节点类型能力参考；不复制代码、参数 Schema、文案、图标、测试或 UI,部分实现,llm,已有网关化模型节点，不提供每家厂商独立节点。,AI 能力候选,已读取名称元数据,langchain:dist/nodes/llms/LMChatLemonade/LmChatLemonade.node.js
451,AI 模型与生成,Lemonade 对话模型,(Lemonade Model),lmLemonade,AI 集群子节点,@n8n/n8n-nodes-langchain,2.34.4,未标记隐藏,仅名称/节点类型能力参考；不复制代码、参数 Schema、文案、图标、测试或 UI,部分实现,llm,已有网关化模型节点，不提供每家厂商独立节点。,AI 能力候选,已读取名称元数据,langchain:dist/nodes/llms/LMLemonade/LmLemonade.node.js
452,AI 模型与生成,LingvaNex 智能服务,(LingvaNex),lingvaNex,应用操作节点,n8n-nodes-base,2.34.4,未标记隐藏,仅名称/节点类型能力参考；不复制代码、参数 Schema、文案、图标、测试或 UI,部分实现,llm,已有统一模型网关节点；无厂商专用操作契约。,按需连接器候选,已读取名称元数据,base:dist/nodes/LingvaNex/LingvaNex.node.js
453,AI 模型与生成,Mailcheck 智能服务,(Mailcheck),mailcheck,应用操作节点,n8n-nodes-base,2.34.4,未标记隐藏,仅名称/节点类型能力参考；不复制代码、参数 Schema、文案、图标、测试或 UI,部分实现,llm,已有统一模型网关节点；无厂商专用操作契约。,按需连接器候选,已读取名称元数据,base:dist/nodes/Mailcheck/Mailcheck.node.js
454,AI 模型与生成,Mindee 智能服务,(Mindee),mindee,应用操作节点,n8n-nodes-base,2.34.4,未标记隐藏,仅名称/节点类型能力参考；不复制代码、参数 Schema、文案、图标、测试或 UI,部分实现,llm,已有统一模型网关节点；无厂商专用操作契约。,按需连接器候选,已读取名称元数据,base:dist/nodes/Mindee/Mindee.node.js
455,AI 模型与生成,MiniMax 对话模型,(MiniMax Chat Model),lmChatMinimax,AI 集群子节点,@n8n/n8n-nodes-langchain,2.34.4,未标记隐藏,仅名称/节点类型能力参考；不复制代码、参数 Schema、文案、图标、测试或 UI,部分实现,llm,已有网关化模型节点，不提供每家厂商独立节点。,AI 能力候选,已读取名称元数据,langchain:dist/nodes/llms/LmChatMinimax/LmChatMinimax.node.js
456,AI 模型与生成,MiniMax 模型服务,(MiniMax),minimax,应用操作节点,@n8n/n8n-nodes-langchain,2.34.4,未标记隐藏,仅名称/节点类型能力参考；不复制代码、参数 Schema、文案、图标、测试或 UI,部分实现,llm,已有网关化模型节点，不提供每家厂商独立节点。,按需连接器候选,已读取名称元数据,langchain:dist/nodes/vendors/MiniMax/MiniMax.node.js
457,AI 模型与生成,Mistral AI 智能服务,(Mistral AI),mistralAi,应用操作节点,n8n-nodes-base,2.34.4,未标记隐藏,仅名称/节点类型能力参考；不复制代码、参数 Schema、文案、图标、测试或 UI,部分实现,llm,已有统一模型网关节点；无厂商专用操作契约。,按需连接器候选,已读取名称元数据,base:dist/nodes/MistralAI/MistralAi.node.js
458,AI 模型与生成,Mistral Cloud 对话模型,(Mistral Cloud Chat Model),lmChatMistralCloud,AI 集群子节点,@n8n/n8n-nodes-langchain,2.34.4,未标记隐藏,仅名称/节点类型能力参考；不复制代码、参数 Schema、文案、图标、测试或 UI,部分实现,llm,已有网关化模型节点，不提供每家厂商独立节点。,AI 能力候选,已读取名称元数据,langchain:dist/nodes/llms/LmChatMistralCloud/LmChatMistralCloud.node.js
459,AI 模型与生成,Moonshot Kimi 对话模型,(Moonshot Kimi Chat Model),lmChatMoonshot,AI 集群子节点,@n8n/n8n-nodes-langchain,2.34.4,未标记隐藏,仅名称/节点类型能力参考；不复制代码、参数 Schema、文案、图标、测试或 UI,部分实现,llm,已有网关化模型节点，不提供每家厂商独立节点。,AI 能力候选,已读取名称元数据,langchain:dist/nodes/llms/LmChatMoonshot/LmChatMoonshot.node.js
460,AI 模型与生成,Moonshot Kimi 模型服务,(Moonshot Kimi),moonshot,应用操作节点,@n8n/n8n-nodes-langchain,2.34.4,未标记隐藏,仅名称/节点类型能力参考；不复制代码、参数 Schema、文案、图标、测试或 UI,部分实现,llm,已有网关化模型节点，不提供每家厂商独立节点。,按需连接器候选,已读取名称元数据,langchain:dist/nodes/vendors/Moonshot/Moonshot.node.js
461,AI 模型与生成,NVIDIA Nemotron 对话模型,(NVIDIA Nemotron Chat Model),lmChatNvidia,AI 集群子节点,@n8n/n8n-nodes-langchain,2.34.4,未标记隐藏,仅名称/节点类型能力参考；不复制代码、参数 Schema、文案、图标、测试或 UI,部分实现,llm,已有网关化模型节点，不提供每家厂商独立节点。,AI 能力候选,已读取名称元数据,langchain:dist/nodes/llms/LmChatNvidia/LmChatNvidia.node.js
462,AI 模型与生成,Ollama 对话模型,(Ollama Chat Model),lmChatOllama,AI 集群子节点,@n8n/n8n-nodes-langchain,2.34.4,未标记隐藏,仅名称/节点类型能力参考；不复制代码、参数 Schema、文案、图标、测试或 UI,部分实现,llm,已有网关化模型节点，不提供每家厂商独立节点。,AI 能力候选,已读取名称元数据,langchain:dist/nodes/llms/LMChatOllama/LmChatOllama.node.js
463,AI 模型与生成,Ollama 对话模型,(Ollama Model),lmOllama,AI 集群子节点,@n8n/n8n-nodes-langchain,2.34.4,未标记隐藏,仅名称/节点类型能力参考；不复制代码、参数 Schema、文案、图标、测试或 UI,部分实现,llm,已有网关化模型节点，不提供每家厂商独立节点。,AI 能力候选,已读取名称元数据,langchain:dist/nodes/llms/LMOllama/LmOllama.node.js
464,AI 模型与生成,Ollama 模型服务,(Ollama),ollama,应用操作节点,@n8n/n8n-nodes-langchain,2.34.4,未标记隐藏,仅名称/节点类型能力参考；不复制代码、参数 Schema、文案、图标、测试或 UI,部分实现,llm,已有网关化模型节点，不提供每家厂商独立节点。,按需连接器候选,已读取名称元数据,langchain:dist/nodes/vendors/Ollama/Ollama.node.js
465,AI 模型与生成,OpenAI 对话模型,(OpenAI Chat Model),lmChatOpenAi,AI 集群子节点,@n8n/n8n-nodes-langchain,2.34.4,未标记隐藏,仅名称/节点类型能力参考；不复制代码、参数 Schema、文案、图标、测试或 UI,部分实现,llm,已有网关化模型节点，不提供每家厂商独立节点。,AI 能力候选,已读取名称元数据,langchain:dist/nodes/llms/LMChatOpenAi/LmChatOpenAi.node.js
466,AI 模型与生成,OpenAI 对话模型,(OpenAI Model),lmOpenAi,AI 集群子节点,@n8n/n8n-nodes-langchain,2.34.4,隐藏,仅名称/节点类型能力参考；不复制代码、参数 Schema、文案、图标、测试或 UI,部分实现,llm,已有网关化模型节点，不提供每家厂商独立节点。,合并或排除隐藏/遗留条目,已读取名称元数据,langchain:dist/nodes/llms/LMOpenAi/LmOpenAi.node.js
467,AI 模型与生成,OpenRouter 对话模型,(OpenRouter Chat Model),lmChatOpenRouter,AI 集群子节点,@n8n/n8n-nodes-langchain,2.34.4,未标记隐藏,仅名称/节点类型能力参考；不复制代码、参数 Schema、文案、图标、测试或 UI,部分实现,llm,已有网关化模型节点，不提供每家厂商独立节点。,AI 能力候选,已读取名称元数据,langchain:dist/nodes/llms/LmChatOpenRouter/LmChatOpenRouter.node.js
468,AI 模型与生成,OpenThesaurus 智能服务,(OpenThesaurus),openThesaurus,应用操作节点,n8n-nodes-base,2.34.4,未标记隐藏,仅名称/节点类型能力参考；不复制代码、参数 Schema、文案、图标、测试或 UI,部分实现,llm,已有统一模型网关节点；无厂商专用操作契约。,按需连接器候选,已读取名称元数据,base:dist/nodes/OpenThesaurus/OpenThesaurus.node.js
469,AI 模型与生成,Peekalink 智能服务,(Peekalink),peekalink,应用操作节点,n8n-nodes-base,2.34.4,未标记隐藏,仅名称/节点类型能力参考；不复制代码、参数 Schema、文案、图标、测试或 UI,部分实现,llm,已有统一模型网关节点；无厂商专用操作契约。,按需连接器候选,已读取名称元数据,base:dist/nodes/Peekalink/Peekalink.node.js
470,AI 模型与生成,Perplexity 智能服务,(Perplexity),perplexity,应用操作节点,n8n-nodes-base,2.34.4,未标记隐藏,仅名称/节点类型能力参考；不复制代码、参数 Schema、文案、图标、测试或 UI,部分实现,llm,已有统一模型网关节点；无厂商专用操作契约。,按需连接器候选,已读取名称元数据,base:dist/nodes/Perplexity/Perplexity.node.js
471,AI 模型与生成,Qwen Cloud 对话模型,(Qwen Cloud Chat Model),lmChatAlibabaCloud,AI 集群子节点,@n8n/n8n-nodes-langchain,2.34.4,未标记隐藏,仅名称/节点类型能力参考；不复制代码、参数 Schema、文案、图标、测试或 UI,部分实现,llm,已有网关化模型节点，不提供每家厂商独立节点。,AI 能力候选,已读取名称元数据,langchain:dist/nodes/llms/LmChatAlibabaCloud/LmChatAlibabaCloud.node.js
472,AI 模型与生成,Qwen Cloud 模型服务,(Qwen Cloud),alibabaCloud,应用操作节点,@n8n/n8n-nodes-langchain,2.34.4,未标记隐藏,仅名称/节点类型能力参考；不复制代码、参数 Schema、文案、图标、测试或 UI,部分实现,llm,已有网关化模型节点，不提供每家厂商独立节点。,按需连接器候选,已读取名称元数据,langchain:dist/nodes/vendors/AlibabaCloud/AlibabaCloud.node.js
473,AI 模型与生成,uProc 智能服务,(uProc),uproc,应用操作节点,n8n-nodes-base,2.34.4,未标记隐藏,仅名称/节点类型能力参考；不复制代码、参数 Schema、文案、图标、测试或 UI,部分实现,llm,已有统一模型网关节点；无厂商专用操作契约。,按需连接器候选,已读取名称元数据,base:dist/nodes/UProc/UProc.node.js
474,AI 模型与生成,Vercel AI Gateway 对话模型,(Vercel AI Gateway Chat Model),lmChatVercelAiGateway,AI 集群子节点,@n8n/n8n-nodes-langchain,2.34.4,未标记隐藏,仅名称/节点类型能力参考；不复制代码、参数 Schema、文案、图标、测试或 UI,部分实现,llm,已有网关化模型节点，不提供每家厂商独立节点。,AI 能力候选,已读取名称元数据,langchain:dist/nodes/llms/LmChatVercelAiGateway/LmChatVercelAiGateway.node.js
475,AI 模型与生成,xAI Grok 对话模型,(xAI Grok Chat Model),lmChatXAiGrok,AI 集群子节点,@n8n/n8n-nodes-langchain,2.34.4,未标记隐藏,仅名称/节点类型能力参考；不复制代码、参数 Schema、文案、图标、测试或 UI,部分实现,llm,已有网关化模型节点，不提供每家厂商独立节点。,AI 能力候选,已读取名称元数据,langchain:dist/nodes/llms/LmChatXAiGrok/LmChatXAiGrok.node.js
476,智能体与任务协作,通用智能体,(Agent),Agent,AI 集群节点（根或可独立）,@n8n/n8n-nodes-langchain,2.34.4,未标记隐藏,仅名称/节点类型能力参考；不复制代码、参数 Schema、文案、图标、测试或 UI,部分实现,agent / workflow_agent,已有模型驱动智能体与工具循环，契约和策略不等同。,AI 能力候选,清单路径回填名称,langchain:dist/nodes/agents/Agent/Agent.node.js
477,智能体与任务协作,托管助手智能体,(OpenAI Assistant),openAiAssistant,AI 集群节点（根或可独立）,@n8n/n8n-nodes-langchain,2.34.4,隐藏,仅名称/节点类型能力参考；不复制代码、参数 Schema、文案、图标、测试或 UI,部分实现,agent / workflow_agent,已有模型驱动智能体与工具循环，契约和策略不等同。,合并或排除隐藏/遗留条目,已读取名称元数据,langchain:dist/nodes/agents/OpenAiAssistant/OpenAiAssistant.node.js
478,智能体与任务协作,智能体工具,(AI Agent Tool),agentTool,AI 集群节点（根或可独立）,@n8n/n8n-nodes-langchain,2.34.4,未标记隐藏,仅名称/节点类型能力参考；不复制代码、参数 Schema、文案、图标、测试或 UI,部分实现,agent / workflow_agent,已有模型驱动智能体与工具循环，契约和策略不等同。,AI 能力候选,已读取名称元数据,langchain:dist/nodes/agents/Agent/AgentTool.node.js
479,智能体工具与协议,工具执行器,(Tool Executor),toolExecutor,AI 集群节点,@n8n/n8n-nodes-langchain,2.34.4,隐藏,仅名称/节点类型能力参考；不复制代码、参数 Schema、文案、图标、测试或 UI,通用节点可覆盖,mcp_tool / http_request / code,可由通用工具节点组合，当前没有该专用工具节点。,合并或排除隐藏/遗留条目,已读取名称元数据,langchain:dist/nodes/ToolExecutor/ToolExecutor.node.js
480,智能体工具与协议,智能体 HTTP 工具,(HTTP Request Tool),toolHttpRequest,AI 集群子节点,@n8n/n8n-nodes-langchain,2.34.4,隐藏,仅名称/节点类型能力参考；不复制代码、参数 Schema、文案、图标、测试或 UI,通用节点可覆盖,mcp_tool / http_request / code,可由通用工具节点组合，当前没有该专用工具节点。,合并或排除隐藏/遗留条目,已读取名称元数据,langchain:dist/nodes/tools/ToolHttpRequest/ToolHttpRequest.node.js
481,智能体工具与协议,智能体代码工具,(Code Tool),toolCode,AI 集群子节点,@n8n/n8n-nodes-langchain,2.34.4,未标记隐藏,仅名称/节点类型能力参考；不复制代码、参数 Schema、文案、图标、测试或 UI,通用节点可覆盖,mcp_tool / http_request / code,可由通用工具节点组合，当前没有该专用工具节点。,AI 能力候选,已读取名称元数据,langchain:dist/nodes/tools/ToolCode/ToolCode.node.js
482,智能体工具与协议,智能体计算工具,(Calculator),toolCalculator,AI 集群子节点,@n8n/n8n-nodes-langchain,2.34.4,未标记隐藏,仅名称/节点类型能力参考；不复制代码、参数 Schema、文案、图标、测试或 UI,通用节点可覆盖,mcp_tool / http_request / code,可由通用工具节点组合，当前没有该专用工具节点。,AI 能力候选,已读取名称元数据,langchain:dist/nodes/tools/ToolCalculator/ToolCalculator.node.js
483,智能体工具与协议,智能体思考工具,(Think Tool),toolThink,AI 集群子节点,@n8n/n8n-nodes-langchain,2.34.4,未标记隐藏,仅名称/节点类型能力参考；不复制代码、参数 Schema、文案、图标、测试或 UI,通用节点可覆盖,mcp_tool / http_request / code,可由通用工具节点组合，当前没有该专用工具节点。,AI 能力候选,已读取名称元数据,langchain:dist/nodes/tools/ToolThink/ToolThink.node.js
484,智能体工具与协议,子流程调用智能体工具,(Call n8n Sub-Workflow Tool),toolWorkflow,AI 集群子节点,@n8n/n8n-nodes-langchain,2.34.4,未标记隐藏,仅名称/节点类型能力参考；不复制代码、参数 Schema、文案、图标、测试或 UI,通用节点可覆盖,mcp_tool / http_request / code,可由通用工具节点组合，当前没有该专用工具节点。,AI 能力候选,已读取名称元数据,langchain:dist/nodes/tools/ToolWorkflow/ToolWorkflow.node.js
485,智能体工具与协议,MCP 单工具连接,(MCP Client Tool),mcpClientTool,AI 集群节点,@n8n/n8n-nodes-langchain,2.34.4,未标记隐藏,仅名称/节点类型能力参考；不复制代码、参数 Schema、文案、图标、测试或 UI,部分实现,mcp_tool,已有 MCP 工具调用；客户端目录、注册表和服务端触发未拆成专用节点。,AI 能力候选,已读取名称元数据,langchain:dist/nodes/mcp/McpClientTool/McpClientTool.node.js
486,智能体工具与协议,MCP 工具集连接,(MCP Client),mcpClient,AI 集群节点,@n8n/n8n-nodes-langchain,2.34.4,未标记隐藏,仅名称/节点类型能力参考；不复制代码、参数 Schema、文案、图标、测试或 UI,部分实现,mcp_tool,已有 MCP 工具调用；客户端目录、注册表和服务端触发未拆成专用节点。,AI 能力候选,已读取名称元数据,langchain:dist/nodes/mcp/McpClient/McpClient.node.js
487,智能体工具与协议,MCP 注册表连接（内部）,(MCP Registry Client (internal)),mcpRegistryClientTool,AI 集群节点,@n8n/n8n-nodes-langchain,2.34.4,隐藏,仅名称/节点类型能力参考；不复制代码、参数 Schema、文案、图标、测试或 UI,部分实现,mcp_tool,已有 MCP 工具调用；客户端目录、注册表和服务端触发未拆成专用节点。,合并或排除隐藏/遗留条目,已读取名称元数据,langchain:dist/nodes/mcp/McpRegistryClientTool/McpRegistryClientTool.node.js
488,智能体工具与协议,SearXNG 智能体工具,(SearXNG),toolSearXng,AI 集群子节点,@n8n/n8n-nodes-langchain,2.34.4,未标记隐藏,仅名称/节点类型能力参考；不复制代码、参数 Schema、文案、图标、测试或 UI,通用节点可覆盖,mcp_tool / http_request / code,可由通用工具节点组合，当前没有该专用工具节点。,AI 能力候选,已读取名称元数据,langchain:dist/nodes/tools/ToolSearXng/ToolSearXng.node.js
489,智能体工具与协议,SerpApi 搜索智能体工具,(SerpApi (Google Search)),toolSerpApi,AI 集群子节点,@n8n/n8n-nodes-langchain,2.34.4,隐藏,仅名称/节点类型能力参考；不复制代码、参数 Schema、文案、图标、测试或 UI,通用节点可覆盖,mcp_tool / http_request / code,可由通用工具节点组合，当前没有该专用工具节点。,合并或排除隐藏/遗留条目,已读取名称元数据,langchain:dist/nodes/tools/ToolSerpApi/ToolSerpApi.node.js
490,智能体工具与协议,Vector Store Question Answer 智能体工具,(Vector Store Question Answer Tool),toolVectorStore,AI 集群子节点,@n8n/n8n-nodes-langchain,2.34.4,未标记隐藏,仅名称/节点类型能力参考；不复制代码、参数 Schema、文案、图标、测试或 UI,通用节点可覆盖,mcp_tool / http_request / code,可由通用工具节点组合，当前没有该专用工具节点。,AI 能力候选,已读取名称元数据,langchain:dist/nodes/tools/ToolVectorStore/ToolVectorStore.node.js
491,智能体工具与协议,Wikipedia 智能体工具,(Wikipedia),toolWikipedia,AI 集群子节点,@n8n/n8n-nodes-langchain,2.34.4,未标记隐藏,仅名称/节点类型能力参考；不复制代码、参数 Schema、文案、图标、测试或 UI,通用节点可覆盖,mcp_tool / http_request / code,可由通用工具节点组合，当前没有该专用工具节点。,AI 能力候选,已读取名称元数据,langchain:dist/nodes/tools/ToolWikipedia/ToolWikipedia.node.js
492,智能体工具与协议,Wolfram|Alpha 智能体工具,(Wolfram|Alpha),toolWolframAlpha,AI 集群子节点,@n8n/n8n-nodes-langchain,2.34.4,未标记隐藏,仅名称/节点类型能力参考；不复制代码、参数 Schema、文案、图标、测试或 UI,通用节点可覆盖,mcp_tool / http_request / code,可由通用工具节点组合，当前没有该专用工具节点。,AI 能力候选,已读取名称元数据,langchain:dist/nodes/tools/ToolWolframAlpha/ToolWolframAlpha.node.js
493,知识检索与向量,代码仓库资料加载,(GitHub Document Loader),documentGithubLoader,AI 集群子节点,@n8n/n8n-nodes-langchain,2.34.4,隐藏,仅名称/节点类型能力参考；不复制代码、参数 Schema、文案、图标、测试或 UI,部分实现,document_extractor,已有受限文档提取；远程仓库和二进制加载不完整。,合并或排除隐藏/遗留条目,已读取名称元数据,langchain:dist/nodes/document_loaders/DocumentGithubLoader/DocumentGithubLoader.node.js
494,知识检索与向量,递归字符分块,(Recursive Character Text Splitter),textSplitterRecursiveCharacterTextSplitter,AI 集群子节点,@n8n/n8n-nodes-langchain,2.34.4,未标记隐藏,仅名称/节点类型能力参考；不复制代码、参数 Schema、文案、图标、测试或 UI,未实现,—,RAG 模块内部有部分相关能力，但尚未作为画布专用节点发布。,AI 能力候选,已读取名称元数据,langchain:dist/nodes/text_splitters/TextSplitterRecursiveCharacterTextSplitter/TextSplitterRecursiveCharacterTextSplitter.node.js
495,知识检索与向量,多查询检索,(MultiQuery Retriever),retrieverMultiQuery,AI 集群子节点,@n8n/n8n-nodes-langchain,2.34.4,未标记隐藏,仅名称/节点类型能力参考；不复制代码、参数 Schema、文案、图标、测试或 UI,部分实现,knowledge_retrieval,已有本地 RAG 检索，未覆盖多查询/压缩/工作流检索器。,AI 能力候选,已读取名称元数据,langchain:dist/nodes/retrievers/RetrieverMultiQuery/RetrieverMultiQuery.node.js
496,知识检索与向量,二进制资料加载,(Binary Input Loader),documentBinaryInputLoader,AI 集群子节点,@n8n/n8n-nodes-langchain,2.34.4,隐藏,仅名称/节点类型能力参考；不复制代码、参数 Schema、文案、图标、测试或 UI,部分实现,document_extractor,已有受限文档提取；远程仓库和二进制加载不完整。,合并或排除隐藏/遗留条目,已读取名称元数据,langchain:dist/nodes/document_loaders/DocumentBinaryInputLoader/DocumentBinaryInputLoader.node.js
497,知识检索与向量,工作流检索,(Workflow Retriever),retrieverWorkflow,AI 集群子节点,@n8n/n8n-nodes-langchain,2.34.4,未标记隐藏,仅名称/节点类型能力参考；不复制代码、参数 Schema、文案、图标、测试或 UI,部分实现,knowledge_retrieval,已有本地 RAG 检索，未覆盖多查询/压缩/工作流检索器。,AI 能力候选,已读取名称元数据,langchain:dist/nodes/retrievers/RetrieverWorkflow/RetrieverWorkflow.node.js
498,知识检索与向量,检索结果重排,(Reranker Cohere),rerankerCohere,AI 集群子节点,@n8n/n8n-nodes-langchain,2.34.4,未标记隐藏,仅名称/节点类型能力参考；不复制代码、参数 Schema、文案、图标、测试或 UI,未实现,—,RAG 模块内部有部分相关能力，但尚未作为画布专用节点发布。,AI 能力候选,已读取名称元数据,langchain:dist/nodes/rerankers/RerankerCohere/RerankerCohere.node.js
499,知识检索与向量,令牌分块,(Token Splitter),textSplitterTokenSplitter,AI 集群子节点,@n8n/n8n-nodes-langchain,2.34.4,未标记隐藏,仅名称/节点类型能力参考；不复制代码、参数 Schema、文案、图标、测试或 UI,未实现,—,RAG 模块内部有部分相关能力，但尚未作为画布专用节点发布。,AI 能力候选,已读取名称元数据,langchain:dist/nodes/text_splitters/TextSplitterTokenSplitter/TextSplitterTokenSplitter.node.js
500,知识检索与向量,上下文压缩检索,(Contextual Compression Retriever),retrieverContextualCompression,AI 集群子节点,@n8n/n8n-nodes-langchain,2.34.4,未标记隐藏,仅名称/节点类型能力参考；不复制代码、参数 Schema、文案、图标、测试或 UI,部分实现,knowledge_retrieval,已有本地 RAG 检索，未覆盖多查询/压缩/工作流检索器。,AI 能力候选,已读取名称元数据,langchain:dist/nodes/retrievers/RetrieverContextualCompression/RetrieverContextualCompression.node.js
501,知识检索与向量,通用资料加载,(Default Data Loader),documentDefaultDataLoader,AI 集群子节点,@n8n/n8n-nodes-langchain,2.34.4,未标记隐藏,仅名称/节点类型能力参考；不复制代码、参数 Schema、文案、图标、测试或 UI,部分实现,document_extractor,已有受限文档提取；远程仓库和二进制加载不完整。,AI 能力候选,已读取名称元数据,langchain:dist/nodes/document_loaders/DocumentDefaultDataLoader/DocumentDefaultDataLoader.node.js
502,知识检索与向量,向量检索,(Vector Store Retriever),retrieverVectorStore,AI 集群子节点,@n8n/n8n-nodes-langchain,2.34.4,未标记隐藏,仅名称/节点类型能力参考；不复制代码、参数 Schema、文案、图标、测试或 UI,部分实现,knowledge_retrieval,已有本地 RAG 检索，未覆盖多查询/压缩/工作流检索器。,AI 能力候选,已读取名称元数据,langchain:dist/nodes/retrievers/RetrieverVectorStore/RetrieverVectorStore.node.js
503,知识检索与向量,字符分块,(Character Text Splitter),textSplitterCharacterTextSplitter,AI 集群子节点,@n8n/n8n-nodes-langchain,2.34.4,未标记隐藏,仅名称/节点类型能力参考；不复制代码、参数 Schema、文案、图标、测试或 UI,未实现,—,RAG 模块内部有部分相关能力，但尚未作为画布专用节点发布。,AI 能力候选,已读取名称元数据,langchain:dist/nodes/text_splitters/TextSplitterCharacterTextSplitter/TextSplitterCharacterTextSplitter.node.js
504,知识检索与向量,AWS Bedrock 向量编码,(Embeddings AWS Bedrock),embeddingsAwsBedrock,AI 集群子节点,@n8n/n8n-nodes-langchain,2.34.4,未标记隐藏,仅名称/节点类型能力参考；不复制代码、参数 Schema、文案、图标、测试或 UI,未实现,—,RAG 模块内部有部分相关能力，但尚未作为画布专用节点发布。,AI 能力候选,已读取名称元数据,langchain:dist/nodes/embeddings/EmbeddingsAwsBedrock/EmbeddingsAwsBedrock.node.js
505,知识检索与向量,Azure AI Search 向量索引,(Azure AI Search Vector Store),vectorStoreAzureAISearch,AI 集群节点（根或可独立）,@n8n/n8n-nodes-langchain,2.34.4,未标记隐藏,仅名称/节点类型能力参考；不复制代码、参数 Schema、文案、图标、测试或 UI,未实现,—,RAG 模块内部有部分相关能力，但尚未作为画布专用节点发布。,AI 能力候选,已读取名称元数据,langchain:dist/nodes/vector_store/VectorStoreAzureAISearch/VectorStoreAzureAISearch.node.js
506,知识检索与向量,Azure OpenAI 向量编码,(Embeddings Azure OpenAI),embeddingsAzureOpenAi,AI 集群子节点,@n8n/n8n-nodes-langchain,2.34.4,未标记隐藏,仅名称/节点类型能力参考；不复制代码、参数 Schema、文案、图标、测试或 UI,未实现,—,RAG 模块内部有部分相关能力，但尚未作为画布专用节点发布。,AI 能力候选,已读取名称元数据,langchain:dist/nodes/embeddings/EmbeddingsAzureOpenAi/EmbeddingsAzureOpenAi.node.js
507,知识检索与向量,ChatHub PGVector Store 向量索引,(ChatHub PGVector Store),chatHubVectorStorePGVector,AI 集群节点（根或可独立）,@n8n/n8n-nodes-langchain,2.34.4,隐藏,仅名称/节点类型能力参考；不复制代码、参数 Schema、文案、图标、测试或 UI,未实现,—,RAG 模块内部有部分相关能力，但尚未作为画布专用节点发布。,合并或排除隐藏/遗留条目,已读取名称元数据,langchain:dist/nodes/vector_store/ChatHubVectorStorePGVector/ChatHubVectorStorePGVector.node.js
508,知识检索与向量,ChatHub Pinecone 向量索引,(ChatHub Pinecone Vector Store),chatHubVectorStorePinecone,AI 集群节点（根或可独立）,@n8n/n8n-nodes-langchain,2.34.4,隐藏,仅名称/节点类型能力参考；不复制代码、参数 Schema、文案、图标、测试或 UI,未实现,—,RAG 模块内部有部分相关能力，但尚未作为画布专用节点发布。,合并或排除隐藏/遗留条目,已读取名称元数据,langchain:dist/nodes/vector_store/ChatHubVectorStorePinecone/ChatHubVectorStorePinecone.node.js
509,知识检索与向量,ChatHub Qdrant 向量索引,(ChatHub Qdrant Vector Store),chatHubVectorStoreQdrant,AI 集群节点（根或可独立）,@n8n/n8n-nodes-langchain,2.34.4,隐藏,仅名称/节点类型能力参考；不复制代码、参数 Schema、文案、图标、测试或 UI,未实现,—,RAG 模块内部有部分相关能力，但尚未作为画布专用节点发布。,合并或排除隐藏/遗留条目,已读取名称元数据,langchain:dist/nodes/vector_store/ChatHubVectorStoreQdrant/ChatHubVectorStoreQdrant.node.js
510,知识检索与向量,Chroma 向量索引,(Chroma Vector Store),vectorStoreChromaDB,AI 集群节点（根或可独立）,@n8n/n8n-nodes-langchain,2.34.4,未标记隐藏,仅名称/节点类型能力参考；不复制代码、参数 Schema、文案、图标、测试或 UI,未实现,—,RAG 模块内部有部分相关能力，但尚未作为画布专用节点发布。,AI 能力候选,已读取名称元数据,langchain:dist/nodes/vector_store/VectorStoreChromaDB/VectorStoreChromaDB.node.js
511,知识检索与向量,Cohere 向量编码,(Embeddings Cohere),embeddingsCohere,AI 集群子节点,@n8n/n8n-nodes-langchain,2.34.4,未标记隐藏,仅名称/节点类型能力参考；不复制代码、参数 Schema、文案、图标、测试或 UI,未实现,—,RAG 模块内部有部分相关能力，但尚未作为画布专用节点发布。,AI 能力候选,已读取名称元数据,langchain:dist/nodes/embeddings/EmbeddingsCohere/EmbeddingsCohere.node.js
512,知识检索与向量,Google Gemini 向量编码,(Embeddings Google Gemini),embeddingsGoogleGemini,AI 集群子节点,@n8n/n8n-nodes-langchain,2.34.4,未标记隐藏,仅名称/节点类型能力参考；不复制代码、参数 Schema、文案、图标、测试或 UI,未实现,—,RAG 模块内部有部分相关能力，但尚未作为画布专用节点发布。,AI 能力候选,已读取名称元数据,langchain:dist/nodes/embeddings/EmbeddingsGoogleGemini/EmbeddingsGoogleGemini.node.js
513,知识检索与向量,Google Vertex 向量编码,(Embeddings Google Vertex),embeddingsGoogleVertex,AI 集群子节点,@n8n/n8n-nodes-langchain,2.34.4,未标记隐藏,仅名称/节点类型能力参考；不复制代码、参数 Schema、文案、图标、测试或 UI,未实现,—,RAG 模块内部有部分相关能力，但尚未作为画布专用节点发布。,AI 能力候选,已读取名称元数据,langchain:dist/nodes/embeddings/EmbeddingsGoogleVertex/EmbeddingsGoogleVertex.node.js
514,知识检索与向量,Hugging Face Inference 向量编码,(Embeddings Hugging Face Inference),embeddingsHuggingFaceInference,AI 集群子节点,@n8n/n8n-nodes-langchain,2.34.4,未标记隐藏,仅名称/节点类型能力参考；不复制代码、参数 Schema、文案、图标、测试或 UI,未实现,—,RAG 模块内部有部分相关能力，但尚未作为画布专用节点发布。,AI 能力候选,已读取名称元数据,langchain:dist/nodes/embeddings/EmbeddingsHuggingFaceInference/EmbeddingsHuggingFaceInference.node.js
515,知识检索与向量,In Memory 向量读取,(In Memory Vector Store Load),vectorStoreInMemoryLoad,AI 集群节点（根或可独立）,@n8n/n8n-nodes-langchain,2.34.4,隐藏,仅名称/节点类型能力参考；不复制代码、参数 Schema、文案、图标、测试或 UI,未实现,—,RAG 模块内部有部分相关能力，但尚未作为画布专用节点发布。,合并或排除隐藏/遗留条目,已读取名称元数据,langchain:dist/nodes/vector_store/VectorStoreInMemoryLoad/VectorStoreInMemoryLoad.node.js
516,知识检索与向量,In Memory 向量写入,(In Memory Vector Store Insert),vectorStoreInMemoryInsert,AI 集群节点（根或可独立）,@n8n/n8n-nodes-langchain,2.34.4,隐藏,仅名称/节点类型能力参考；不复制代码、参数 Schema、文案、图标、测试或 UI,未实现,—,RAG 模块内部有部分相关能力，但尚未作为画布专用节点发布。,合并或排除隐藏/遗留条目,已读取名称元数据,langchain:dist/nodes/vector_store/VectorStoreInMemoryInsert/VectorStoreInMemoryInsert.node.js
517,知识检索与向量,JSON 资料加载,(JSON Input Loader),documentJsonInputLoader,AI 集群子节点,@n8n/n8n-nodes-langchain,2.34.4,隐藏,仅名称/节点类型能力参考；不复制代码、参数 Schema、文案、图标、测试或 UI,部分实现,document_extractor,已有受限文档提取；远程仓库和二进制加载不完整。,合并或排除隐藏/遗留条目,已读取名称元数据,langchain:dist/nodes/document_loaders/DocumentJSONInputLoader/DocumentJsonInputLoader.node.js
518,知识检索与向量,Lemonade 向量编码,(Embeddings Lemonade),embeddingsLemonade,AI 集群子节点,@n8n/n8n-nodes-langchain,2.34.4,未标记隐藏,仅名称/节点类型能力参考；不复制代码、参数 Schema、文案、图标、测试或 UI,未实现,—,RAG 模块内部有部分相关能力，但尚未作为画布专用节点发布。,AI 能力候选,已读取名称元数据,langchain:dist/nodes/embeddings/EmbeddingsLemonade/EmbeddingsLemonade.node.js
519,知识检索与向量,Milvus 向量索引,(Milvus Vector Store),vectorStoreMilvus,AI 集群节点（根或可独立）,@n8n/n8n-nodes-langchain,2.34.4,未标记隐藏,仅名称/节点类型能力参考；不复制代码、参数 Schema、文案、图标、测试或 UI,未实现,—,RAG 模块内部有部分相关能力，但尚未作为画布专用节点发布。,AI 能力候选,已读取名称元数据,langchain:dist/nodes/vector_store/VectorStoreMilvus/VectorStoreMilvus.node.js
520,知识检索与向量,Mistral Cloud 向量编码,(Embeddings Mistral Cloud),embeddingsMistralCloud,AI 集群子节点,@n8n/n8n-nodes-langchain,2.34.4,未标记隐藏,仅名称/节点类型能力参考；不复制代码、参数 Schema、文案、图标、测试或 UI,未实现,—,RAG 模块内部有部分相关能力，但尚未作为画布专用节点发布。,AI 能力候选,已读取名称元数据,langchain:dist/nodes/embeddings/EmbeddingsMistralCloud/EmbeddingsMistralCloud.node.js
521,知识检索与向量,MongoDB Atlas 向量索引,(MongoDB Atlas Vector Store),vectorStoreMongoDBAtlas,AI 集群节点（根或可独立）,@n8n/n8n-nodes-langchain,2.34.4,未标记隐藏,仅名称/节点类型能力参考；不复制代码、参数 Schema、文案、图标、测试或 UI,未实现,—,RAG 模块内部有部分相关能力，但尚未作为画布专用节点发布。,AI 能力候选,已读取名称元数据,langchain:dist/nodes/vector_store/VectorStoreMongoDBAtlas/VectorStoreMongoDBAtlas.node.js
522,知识检索与向量,NVIDIA Nemotron 向量编码,(NVIDIA Nemotron Embeddings),embeddingsNvidia,AI 集群子节点,@n8n/n8n-nodes-langchain,2.34.4,未标记隐藏,仅名称/节点类型能力参考；不复制代码、参数 Schema、文案、图标、测试或 UI,未实现,—,RAG 模块内部有部分相关能力，但尚未作为画布专用节点发布。,AI 能力候选,已读取名称元数据,langchain:dist/nodes/embeddings/EmbeddingsNvidia/EmbeddingsNvidia.node.js
523,知识检索与向量,Ollama 向量编码,(Embeddings Ollama),embeddingsOllama,AI 集群子节点,@n8n/n8n-nodes-langchain,2.34.4,未标记隐藏,仅名称/节点类型能力参考；不复制代码、参数 Schema、文案、图标、测试或 UI,未实现,—,RAG 模块内部有部分相关能力，但尚未作为画布专用节点发布。,AI 能力候选,已读取名称元数据,langchain:dist/nodes/embeddings/EmbeddingsOllama/EmbeddingsOllama.node.js
524,知识检索与向量,OpenAI 向量编码,(Embeddings OpenAI),embeddingsOpenAi,AI 集群子节点,@n8n/n8n-nodes-langchain,2.34.4,未标记隐藏,仅名称/节点类型能力参考；不复制代码、参数 Schema、文案、图标、测试或 UI,未实现,—,RAG 模块内部有部分相关能力，但尚未作为画布专用节点发布。,AI 能力候选,已读取名称元数据,langchain:dist/nodes/embeddings/EmbeddingsOpenAI/EmbeddingsOpenAi.node.js
525,知识检索与向量,Oracle Database 向量编码,(Embeddings Oracle Database),embeddingsOracleDb,AI 集群子节点,@n8n/n8n-nodes-langchain,2.34.4,未标记隐藏,仅名称/节点类型能力参考；不复制代码、参数 Schema、文案、图标、测试或 UI,未实现,—,RAG 模块内部有部分相关能力，但尚未作为画布专用节点发布。,AI 能力候选,已读取名称元数据,langchain:dist/nodes/embeddings/EmbeddingsOracleDB/EmbeddingsOracleDb.node.js
526,知识检索与向量,Oracle Database 向量索引,(Oracle Database Vector Store),vectorStoreOracleDBVector,AI 集群节点（根或可独立）,@n8n/n8n-nodes-langchain,2.34.4,未标记隐藏,仅名称/节点类型能力参考；不复制代码、参数 Schema、文案、图标、测试或 UI,未实现,—,RAG 模块内部有部分相关能力，但尚未作为画布专用节点发布。,AI 能力候选,已读取名称元数据,langchain:dist/nodes/vector_store/VectorStoreOracleDB/VectorStoreOracleDB.node.js
527,知识检索与向量,Pinecone 向量索引,(Pinecone Vector Store),vectorStorePinecone,AI 集群节点（根或可独立）,@n8n/n8n-nodes-langchain,2.34.4,未标记隐藏,仅名称/节点类型能力参考；不复制代码、参数 Schema、文案、图标、测试或 UI,未实现,—,RAG 模块内部有部分相关能力，但尚未作为画布专用节点发布。,AI 能力候选,已读取名称元数据,langchain:dist/nodes/vector_store/VectorStorePinecone/VectorStorePinecone.node.js
528,知识检索与向量,Pinecone: Insert 向量写入,(Pinecone: Insert),vectorStorePineconeInsert,AI 集群节点（根或可独立）,@n8n/n8n-nodes-langchain,2.34.4,隐藏,仅名称/节点类型能力参考；不复制代码、参数 Schema、文案、图标、测试或 UI,未实现,—,RAG 模块内部有部分相关能力，但尚未作为画布专用节点发布。,合并或排除隐藏/遗留条目,已读取名称元数据,langchain:dist/nodes/vector_store/VectorStorePineconeInsert/VectorStorePineconeInsert.node.js
529,知识检索与向量,Pinecone: Load 向量读取,(Pinecone: Load),vectorStorePineconeLoad,AI 集群节点（根或可独立）,@n8n/n8n-nodes-langchain,2.34.4,隐藏,仅名称/节点类型能力参考；不复制代码、参数 Schema、文案、图标、测试或 UI,未实现,—,RAG 模块内部有部分相关能力，但尚未作为画布专用节点发布。,合并或排除隐藏/遗留条目,已读取名称元数据,langchain:dist/nodes/vector_store/VectorStorePineconeLoad/VectorStorePineconeLoad.node.js
530,知识检索与向量,Postgres PGVector Store 向量索引,(Postgres PGVector Store),vectorStorePGVector,AI 集群节点（根或可独立）,@n8n/n8n-nodes-langchain,2.34.4,未标记隐藏,仅名称/节点类型能力参考；不复制代码、参数 Schema、文案、图标、测试或 UI,未实现,—,RAG 模块内部有部分相关能力，但尚未作为画布专用节点发布。,AI 能力候选,已读取名称元数据,langchain:dist/nodes/vector_store/VectorStorePGVector/VectorStorePGVector.node.js
531,知识检索与向量,Qdrant 向量索引,(Qdrant Vector Store),vectorStoreQdrant,AI 集群节点（根或可独立）,@n8n/n8n-nodes-langchain,2.34.4,未标记隐藏,仅名称/节点类型能力参考；不复制代码、参数 Schema、文案、图标、测试或 UI,未实现,—,RAG 模块内部有部分相关能力，但尚未作为画布专用节点发布。,AI 能力候选,已读取名称元数据,langchain:dist/nodes/vector_store/VectorStoreQdrant/VectorStoreQdrant.node.js
532,知识检索与向量,Redis 向量索引,(Redis Vector Store),vectorStoreRedis,AI 集群节点（根或可独立）,@n8n/n8n-nodes-langchain,2.34.4,未标记隐藏,仅名称/节点类型能力参考；不复制代码、参数 Schema、文案、图标、测试或 UI,未实现,—,RAG 模块内部有部分相关能力，但尚未作为画布专用节点发布。,AI 能力候选,已读取名称元数据,langchain:dist/nodes/vector_store/VectorStoreRedis/VectorStoreRedis.node.js
533,知识检索与向量,Simple 向量索引,(Simple Vector Store),vectorStoreInMemory,AI 集群节点（根或可独立）,@n8n/n8n-nodes-langchain,2.34.4,未标记隐藏,仅名称/节点类型能力参考；不复制代码、参数 Schema、文案、图标、测试或 UI,未实现,—,RAG 模块内部有部分相关能力，但尚未作为画布专用节点发布。,AI 能力候选,已读取名称元数据,langchain:dist/nodes/vector_store/VectorStoreInMemory/VectorStoreInMemory.node.js
534,知识检索与向量,Supabase 向量索引,(Supabase Vector Store),vectorStoreSupabase,AI 集群节点（根或可独立）,@n8n/n8n-nodes-langchain,2.34.4,未标记隐藏,仅名称/节点类型能力参考；不复制代码、参数 Schema、文案、图标、测试或 UI,未实现,—,RAG 模块内部有部分相关能力，但尚未作为画布专用节点发布。,AI 能力候选,已读取名称元数据,langchain:dist/nodes/vector_store/VectorStoreSupabase/VectorStoreSupabase.node.js
535,知识检索与向量,Supabase: Insert 向量写入,(Supabase: Insert),vectorStoreSupabaseInsert,AI 集群节点（根或可独立）,@n8n/n8n-nodes-langchain,2.34.4,隐藏,仅名称/节点类型能力参考；不复制代码、参数 Schema、文案、图标、测试或 UI,未实现,—,RAG 模块内部有部分相关能力，但尚未作为画布专用节点发布。,合并或排除隐藏/遗留条目,已读取名称元数据,langchain:dist/nodes/vector_store/VectorStoreSupabaseInsert/VectorStoreSupabaseInsert.node.js
536,知识检索与向量,Supabase: Load 向量读取,(Supabase: Load),vectorStoreSupabaseLoad,AI 集群节点（根或可独立）,@n8n/n8n-nodes-langchain,2.34.4,隐藏,仅名称/节点类型能力参考；不复制代码、参数 Schema、文案、图标、测试或 UI,未实现,—,RAG 模块内部有部分相关能力，但尚未作为画布专用节点发布。,合并或排除隐藏/遗留条目,已读取名称元数据,langchain:dist/nodes/vector_store/VectorStoreSupabaseLoad/VectorStoreSupabaseLoad.node.js
537,知识检索与向量,Weaviate 向量索引,(Weaviate Vector Store),vectorStoreWeaviate,AI 集群节点（根或可独立）,@n8n/n8n-nodes-langchain,2.34.4,未标记隐藏,仅名称/节点类型能力参考；不复制代码、参数 Schema、文案、图标、测试或 UI,未实现,—,RAG 模块内部有部分相关能力，但尚未作为画布专用节点发布。,AI 能力候选,已读取名称元数据,langchain:dist/nodes/vector_store/VectorStoreWeaviate/VectorStoreWeaviate.node.js
538,知识检索与向量,Zep 向量索引,(Zep Vector Store),vectorStoreZep,AI 集群节点（根或可独立）,@n8n/n8n-nodes-langchain,2.34.4,未标记隐藏,仅名称/节点类型能力参考；不复制代码、参数 Schema、文案、图标、测试或 UI,未实现,—,RAG 模块内部有部分相关能力，但尚未作为画布专用节点发布。,AI 能力候选,已读取名称元数据,langchain:dist/nodes/vector_store/VectorStoreZep/VectorStoreZep.node.js
539,知识检索与向量,Zep Vector Store: Insert 向量写入,(Zep Vector Store: Insert),vectorStoreZepInsert,AI 集群节点（根或可独立）,@n8n/n8n-nodes-langchain,2.34.4,隐藏,仅名称/节点类型能力参考；不复制代码、参数 Schema、文案、图标、测试或 UI,未实现,—,RAG 模块内部有部分相关能力，但尚未作为画布专用节点发布。,合并或排除隐藏/遗留条目,已读取名称元数据,langchain:dist/nodes/vector_store/VectorStoreZepInsert/VectorStoreZepInsert.node.js
540,知识检索与向量,Zep Vector Store: Load 向量读取,(Zep Vector Store: Load),vectorStoreZepLoad,AI 集群节点（根或可独立）,@n8n/n8n-nodes-langchain,2.34.4,隐藏,仅名称/节点类型能力参考；不复制代码、参数 Schema、文案、图标、测试或 UI,未实现,—,RAG 模块内部有部分相关能力，但尚未作为画布专用节点发布。,合并或排除隐藏/遗留条目,已读取名称元数据,langchain:dist/nodes/vector_store/VectorStoreZepLoad/VectorStoreZepLoad.node.js
541,记忆与上下文,对话记忆管理,(Chat Memory Manager),memoryManager,AI 集群子节点,@n8n/n8n-nodes-langchain,2.34.4,未标记隐藏,仅名称/节点类型能力参考；不复制代码、参数 Schema、文案、图标、测试或 UI,未实现,—,没有可独立配置的画布记忆节点。,AI 能力候选,已读取名称元数据,langchain:dist/nodes/memory/MemoryManager/MemoryManager.node.js
542,记忆与上下文,临时对话记忆,(Simple Memory),memoryBufferWindow,AI 集群子节点,@n8n/n8n-nodes-langchain,2.34.4,未标记隐藏,仅名称/节点类型能力参考；不复制代码、参数 Schema、文案、图标、测试或 UI,未实现,—,没有可独立配置的画布记忆节点。,AI 能力候选,已读取名称元数据,langchain:dist/nodes/memory/MemoryBufferWindow/MemoryBufferWindow.node.js
543,记忆与上下文,Chat Messages Retriever 对话记忆,(Chat Messages Retriever),memoryChatRetriever,AI 集群子节点,@n8n/n8n-nodes-langchain,2.34.4,隐藏,仅名称/节点类型能力参考；不复制代码、参数 Schema、文案、图标、测试或 UI,未实现,—,没有可独立配置的画布记忆节点。,合并或排除隐藏/遗留条目,已读取名称元数据,langchain:dist/nodes/memory/MemoryChatRetriever/MemoryChatRetriever.node.js
544,记忆与上下文,MongoDB 对话记忆,(MongoDB Chat Memory),memoryMongoDbChat,AI 集群子节点,@n8n/n8n-nodes-langchain,2.34.4,未标记隐藏,仅名称/节点类型能力参考；不复制代码、参数 Schema、文案、图标、测试或 UI,未实现,—,没有可独立配置的画布记忆节点。,AI 能力候选,已读取名称元数据,langchain:dist/nodes/memory/MemoryMongoDbChat/MemoryMongoDbChat.node.js
545,记忆与上下文,Motorhead 对话记忆,(Motorhead),memoryMotorhead,AI 集群子节点,@n8n/n8n-nodes-langchain,2.34.4,隐藏,仅名称/节点类型能力参考；不复制代码、参数 Schema、文案、图标、测试或 UI,未实现,—,没有可独立配置的画布记忆节点。,合并或排除隐藏/遗留条目,已读取名称元数据,langchain:dist/nodes/memory/MemoryMotorhead/MemoryMotorhead.node.js
546,记忆与上下文,Postgres 对话记忆,(Postgres Chat Memory),memoryPostgresChat,AI 集群子节点,@n8n/n8n-nodes-langchain,2.34.4,未标记隐藏,仅名称/节点类型能力参考；不复制代码、参数 Schema、文案、图标、测试或 UI,未实现,—,没有可独立配置的画布记忆节点。,AI 能力候选,已读取名称元数据,langchain:dist/nodes/memory/MemoryPostgresChat/MemoryPostgresChat.node.js
547,记忆与上下文,Redis 对话记忆,(Redis Chat Memory),memoryRedisChat,AI 集群子节点,@n8n/n8n-nodes-langchain,2.34.4,未标记隐藏,仅名称/节点类型能力参考；不复制代码、参数 Schema、文案、图标、测试或 UI,未实现,—,没有可独立配置的画布记忆节点。,AI 能力候选,已读取名称元数据,langchain:dist/nodes/memory/MemoryRedisChat/MemoryRedisChat.node.js
548,记忆与上下文,Xata 对话记忆,(Xata),memoryXata,AI 集群子节点,@n8n/n8n-nodes-langchain,2.34.4,未标记隐藏,仅名称/节点类型能力参考；不复制代码、参数 Schema、文案、图标、测试或 UI,未实现,—,没有可独立配置的画布记忆节点。,AI 能力候选,已读取名称元数据,langchain:dist/nodes/memory/MemoryXata/MemoryXata.node.js
549,记忆与上下文,Zep 对话记忆,(Zep),memoryZep,AI 集群子节点,@n8n/n8n-nodes-langchain,2.34.4,隐藏,仅名称/节点类型能力参考；不复制代码、参数 Schema、文案、图标、测试或 UI,未实现,—,没有可独立配置的画布记忆节点。,合并或排除隐藏/遗留条目,已读取名称元数据,langchain:dist/nodes/memory/MemoryZep/MemoryZep.node.js
550,解析、评测与护栏,结构化结果解析,(Structured Output Parser),outputParserStructured,AI 集群子节点,@n8n/n8n-nodes-langchain,2.34.4,未标记隐藏,仅名称/节点类型能力参考；不复制代码、参数 Schema、文案、图标、测试或 UI,部分实现,parameter_extractor,已有结构化字段提取，缺少解析器链与自动修复契约。,AI 能力候选,已读取名称元数据,langchain:dist/nodes/output_parser/OutputParserStructured/OutputParserStructured.node.js
551,解析、评测与护栏,列表结果解析,(Item List Output Parser),outputParserItemList,AI 集群子节点,@n8n/n8n-nodes-langchain,2.34.4,未标记隐藏,仅名称/节点类型能力参考；不复制代码、参数 Schema、文案、图标、测试或 UI,部分实现,parameter_extractor,已有结构化字段提取，缺少解析器链与自动修复契约。,AI 能力候选,已读取名称元数据,langchain:dist/nodes/output_parser/OutputParserItemList/OutputParserItemList.node.js
552,解析、评测与护栏,内容护栏,(Guardrails),guardrails,AI 集群节点,@n8n/n8n-nodes-langchain,2.34.4,未标记隐藏,仅名称/节点类型能力参考；不复制代码、参数 Schema、文案、图标、测试或 UI,部分实现,runtime_middleware,已有运行时中间件扩展位，需具体护栏实现与策略验收。,AI 能力候选,已读取名称元数据,langchain:dist/nodes/Guardrails/Guardrails.node.js
553,解析、评测与护栏,自修复结果解析,(Auto-fixing Output Parser),outputParserAutofixing,AI 集群子节点,@n8n/n8n-nodes-langchain,2.34.4,未标记隐藏,仅名称/节点类型能力参考；不复制代码、参数 Schema、文案、图标、测试或 UI,部分实现,parameter_extractor,已有结构化字段提取，缺少解析器链与自动修复契约。,AI 能力候选,已读取名称元数据,langchain:dist/nodes/output_parser/OutputParserAutofixing/OutputParserAutofixing.node.js
554,交互、人工与表单,表单回复,(n8n Form),form,核心节点,n8n-nodes-base,2.34.4,未标记隐藏,仅名称/节点类型能力参考；不复制代码、参数 Schema、文案、图标、测试或 UI,通用节点可覆盖,http_request / mcp_tool,需该服务的 API 或受信 MCP 适配器；没有专用节点与凭据契约。,核心能力候选,已读取名称元数据,base:dist/nodes/Form/Form.node.js
555,画布、评测与内部元数据,工作流评测,(Evaluation),evaluation,核心节点,n8n-nodes-base,2.34.4,未标记隐藏,企业条目仅保留名称审计；排除实现参考,未实现,—,没有画布级评测节点；企业文件仅做名称审计。,隔离审计，不作实现参考,已读取名称元数据,base:dist/nodes/Evaluation/Evaluation/Evaluation.node.ee.js
556,画布、评测与内部元数据,画布注释,(Sticky Note),stickyNote,核心节点,n8n-nodes-base,2.34.4,未标记隐藏,仅名称/节点类型能力参考；不复制代码、参数 Schema、文案、图标、测试或 UI,已实现,annotation,模镜已有画布注释节点；它只承载编辑元数据，不进入执行语义。,核心能力候选,已读取名称元数据,base:dist/nodes/StickyNote/StickyNote.node.js
557,画布、评测与内部元数据,执行记录字段,(Execution Data),executionData,核心节点,n8n-nodes-base,2.34.4,未标记隐藏,仅名称/节点类型能力参考；不复制代码、参数 Schema、文案、图标、测试或 UI,通用节点可覆盖,http_request / mcp_tool,需该服务的 API 或受信 MCP 适配器；没有专用节点与凭据契约。,核心能力候选,已读取名称元数据,base:dist/nodes/ExecutionData/ExecutionData.node.js
558,画布、评测与内部元数据,Check Credential Status 辅助能力,(Check Credential Status),dynamicCredentialCheck,应用操作节点,n8n-nodes-base,2.34.4,未标记隐藏,仅名称/节点类型能力参考；不复制代码、参数 Schema、文案、图标、测试或 UI,未实现,—,隐藏、遗留或测试条目不视为模镜现有能力。,排除测试/内部条目,已读取名称元数据,base:dist/nodes/DynamicCredentialCheck/DynamicCredentialCheck.node.js
559,画布、评测与内部元数据,训练客户数据辅助（排除）,(Customer Datastore (n8n training)),n8nTrainingCustomerDatastore,应用操作节点,n8n-nodes-base,2.34.4,未标记隐藏,仅名称/节点类型能力参考；不复制代码、参数 Schema、文案、图标、测试或 UI,未实现,—,隐藏、遗留或测试条目不视为模镜现有能力。,排除测试/内部条目,已读取名称元数据,base:dist/nodes/N8nTrainingCustomerDatastore/N8nTrainingCustomerDatastore.node.js
560,画布、评测与内部元数据,训练客户消息辅助（排除）,(Customer Messenger (n8n training)),n8nTrainingCustomerMessenger,应用操作节点,n8n-nodes-base,2.34.4,未标记隐藏,仅名称/节点类型能力参考；不复制代码、参数 Schema、文案、图标、测试或 UI,未实现,—,隐藏、遗留或测试条目不视为模镜现有能力。,排除测试/内部条目,已读取名称元数据,base:dist/nodes/N8nTrainingCustomerMessenger/N8nTrainingCustomerMessenger.node.js
561,画布、评测与内部元数据,DebugHelper 辅助能力,(DebugHelper),debugHelper,核心节点,n8n-nodes-base,2.34.4,未标记隐藏,仅名称/节点类型能力参考；不复制代码、参数 Schema、文案、图标、测试或 UI,未实现,—,隐藏、遗留或测试条目不视为模镜现有能力。,核心能力候选,已读取名称元数据,base:dist/nodes/DebugHelper/DebugHelper.node.js
562,画布、评测与内部元数据,E2E Test 辅助能力,(E2E Test),e2eTest,应用操作节点,n8n-nodes-base,2.34.4,未标记隐藏,仅名称/节点类型能力参考；不复制代码、参数 Schema、文案、图标、测试或 UI,未实现,—,隐藏、遗留或测试条目不视为模镜现有能力。,排除测试/内部条目,已读取名称元数据,base:dist/nodes/E2eTest/E2eTest.node.js
563,画布、评测与内部元数据,Simulate 辅助能力,(Simulate),simulate,核心节点,n8n-nodes-base,2.34.4,隐藏,仅名称/节点类型能力参考；不复制代码、参数 Schema、文案、图标、测试或 UI,未实现,—,隐藏、遗留或测试条目不视为模镜现有能力。,合并或排除隐藏/遗留条目,已读取名称元数据,base:dist/nodes/Simulate/Simulate.node.js
